observation_date,T5YIE,Column1
5/5/2003,1.5,5/1/2003
5/6/2003,1.42,5/1/2003
5/7/2003,1.38,5/1/2003
5/8/2003,1.34,5/1/2003
5/9/2003,1.4,5/1/2003
5/12/2003,1.37,5/1/2003
5/13/2003,1.39,5/1/2003
5/14/2003,1.32,5/1/2003
5/15/2003,1.39,5/1/2003
5/16/2003,1.31,5/1/2003
5/19/2003,1.34,5/1/2003
5/20/2003,1.35,5/1/2003
5/21/2003,1.34,5/1/2003
5/22/2003,1.3,5/1/2003
5/23/2003,1.31,5/1/2003
5/26/2003,,5/1/2003
5/27/2003,1.25,5/1/2003
5/28/2003,1.23,5/1/2003
5/29/2003,1.23,5/1/2003
5/30/2003,1.26,5/1/2003
6/2/2003,1.29,6/1/2003
6/3/2003,1.25,6/1/2003
6/4/2003,1.25,6/1/2003
6/5/2003,1.31,6/1/2003
6/6/2003,1.33,6/1/2003
6/9/2003,1.32,6/1/2003
6/10/2003,1.31,6/1/2003
6/11/2003,1.36,6/1/2003
6/12/2003,1.32,6/1/2003
6/13/2003,1.37,6/1/2003
6/16/2003,1.35,6/1/2003
6/17/2003,1.35,6/1/2003
6/18/2003,1.36,6/1/2003
6/19/2003,1.39,6/1/2003
6/20/2003,1.39,6/1/2003
6/23/2003,1.36,6/1/2003
6/24/2003,1.37,6/1/2003
6/25/2003,1.45,6/1/2003
6/26/2003,1.47,6/1/2003
6/27/2003,1.48,6/1/2003
6/30/2003,1.45,6/1/2003
7/1/2003,1.45,7/1/2003
7/2/2003,1.43,7/1/2003
7/3/2003,1.44,7/1/2003
7/4/2003,,7/1/2003
7/7/2003,1.44,7/1/2003
7/8/2003,1.41,7/1/2003
7/9/2003,1.46,7/1/2003
7/10/2003,1.45,7/1/2003
7/11/2003,1.42,7/1/2003
7/14/2003,1.47,7/1/2003
7/15/2003,1.53,7/1/2003
7/16/2003,1.56,7/1/2003
7/17/2003,1.57,7/1/2003
7/18/2003,1.65,7/1/2003
7/21/2003,1.63,7/1/2003
7/22/2003,1.59,7/1/2003
7/23/2003,1.67,7/1/2003
7/24/2003,1.67,7/1/2003
7/25/2003,1.76,7/1/2003
7/28/2003,1.72,7/1/2003
7/29/2003,1.7,7/1/2003
7/30/2003,1.73,7/1/2003
7/31/2003,1.75,7/1/2003
8/1/2003,1.75,8/1/2003
8/4/2003,1.72,8/1/2003
8/5/2003,1.75,8/1/2003
8/6/2003,1.72,8/1/2003
8/7/2003,1.78,8/1/2003
8/8/2003,1.74,8/1/2003
8/11/2003,1.82,8/1/2003
8/12/2003,1.81,8/1/2003
8/13/2003,1.88,8/1/2003
8/14/2003,1.89,8/1/2003
8/15/2003,1.92,8/1/2003
8/18/2003,1.88,8/1/2003
8/19/2003,1.87,8/1/2003
8/20/2003,1.94,8/1/2003
8/21/2003,2.06,8/1/2003
8/22/2003,2.05,8/1/2003
8/25/2003,2.03,8/1/2003
8/26/2003,2.03,8/1/2003
8/27/2003,2.01,8/1/2003
8/28/2003,1.98,8/1/2003
8/29/2003,1.99,8/1/2003
9/1/2003,,9/1/2003
9/2/2003,2,9/1/2003
9/3/2003,2.03,9/1/2003
9/4/2003,2.01,9/1/2003
9/5/2003,1.97,9/1/2003
9/8/2003,1.94,9/1/2003
9/9/2003,1.94,9/1/2003
9/10/2003,1.9,9/1/2003
9/11/2003,1.92,9/1/2003
9/12/2003,1.88,9/1/2003
9/15/2003,1.87,9/1/2003
9/16/2003,1.8,9/1/2003
9/17/2003,1.77,9/1/2003
9/18/2003,1.79,9/1/2003
9/19/2003,1.81,9/1/2003
9/22/2003,1.84,9/1/2003
9/23/2003,1.84,9/1/2003
9/24/2003,1.86,9/1/2003
9/25/2003,1.91,9/1/2003
9/26/2003,1.91,9/1/2003
9/29/2003,1.91,9/1/2003
9/30/2003,1.86,9/1/2003
10/1/2003,1.84,10/1/2003
10/2/2003,1.83,10/1/2003
10/3/2003,1.89,10/1/2003
10/6/2003,1.87,10/1/2003
10/7/2003,1.91,10/1/2003
10/8/2003,1.89,10/1/2003
10/9/2003,1.92,10/1/2003
10/10/2003,1.97,10/1/2003
10/13/2003,,10/1/2003
10/14/2003,2,10/1/2003
10/15/2003,2.02,10/1/2003
10/16/2003,2.08,10/1/2003
10/17/2003,2.07,10/1/2003
10/20/2003,2.06,10/1/2003
10/21/2003,2.04,10/1/2003
10/22/2003,1.97,10/1/2003
10/23/2003,2.01,10/1/2003
10/24/2003,1.99,10/1/2003
10/27/2003,2.02,10/1/2003
10/28/2003,2,10/1/2003
10/29/2003,2.03,10/1/2003
10/30/2003,2.05,10/1/2003
10/31/2003,2.06,10/1/2003
11/3/2003,2.07,11/1/2003
11/4/2003,2.06,11/1/2003
11/5/2003,2.01,11/1/2003
11/6/2003,2.02,11/1/2003
11/7/2003,2.05,11/1/2003
11/10/2003,2.09,11/1/2003
11/11/2003,,11/1/2003
11/12/2003,2.09,11/1/2003
11/13/2003,2.05,11/1/2003
11/14/2003,2.02,11/1/2003
11/17/2003,2.02,11/1/2003
11/18/2003,2,11/1/2003
11/19/2003,2,11/1/2003
11/20/2003,1.91,11/1/2003
11/21/2003,1.92,11/1/2003
11/24/2003,1.98,11/1/2003
11/25/2003,1.99,11/1/2003
11/26/2003,2.01,11/1/2003
11/27/2003,,11/1/2003
11/28/2003,2.02,11/1/2003
12/1/2003,2.04,12/1/2003
12/2/2003,2.05,12/1/2003
12/3/2003,2.06,12/1/2003
12/4/2003,2.07,12/1/2003
12/5/2003,2.03,12/1/2003
12/8/2003,2.06,12/1/2003
12/9/2003,2.09,12/1/2003
12/10/2003,2.09,12/1/2003
12/11/2003,2.11,12/1/2003
12/12/2003,2.1,12/1/2003
12/15/2003,2.08,12/1/2003
12/16/2003,2.02,12/1/2003
12/17/2003,2,12/1/2003
12/18/2003,1.97,12/1/2003
12/19/2003,1.98,12/1/2003
12/22/2003,1.98,12/1/2003
12/23/2003,2.04,12/1/2003
12/24/2003,2.01,12/1/2003
12/25/2003,,12/1/2003
12/26/2003,2.01,12/1/2003
12/29/2003,2.02,12/1/2003
12/30/2003,2.03,12/1/2003
12/31/2003,2.03,12/1/2003
1/1/2004,,1/1/2004
1/2/2004,2.08,1/1/2004
1/5/2004,2.09,1/1/2004
1/6/2004,2.05,1/1/2004
1/7/2004,2.05,1/1/2004
1/8/2004,1.99,1/1/2004
1/9/2004,1.93,1/1/2004
1/12/2004,1.93,1/1/2004
1/13/2004,1.95,1/1/2004
1/14/2004,1.91,1/1/2004
1/15/2004,1.96,1/1/2004
1/16/2004,2.01,1/1/2004
1/19/2004,,1/1/2004
1/20/2004,2.04,1/1/2004
1/21/2004,2.06,1/1/2004
1/22/2004,2.02,1/1/2004
1/23/2004,2.05,1/1/2004
1/26/2004,2.06,1/1/2004
1/27/2004,2.09,1/1/2004
1/28/2004,2.13,1/1/2004
1/29/2004,2.15,1/1/2004
1/30/2004,2.16,1/1/2004
2/2/2004,2.22,2/1/2004
2/3/2004,2.19,2/1/2004
2/4/2004,2.2,2/1/2004
2/5/2004,2.22,2/1/2004
2/6/2004,2.17,2/1/2004
2/9/2004,2.16,2/1/2004
2/10/2004,2.17,2/1/2004
2/11/2004,2.15,2/1/2004
2/12/2004,2.17,2/1/2004
2/13/2004,2.16,2/1/2004
2/16/2004,,2/1/2004
2/17/2004,2.18,2/1/2004
2/18/2004,2.19,2/1/2004
2/19/2004,2.2,2/1/2004
2/20/2004,2.24,2/1/2004
2/23/2004,2.23,2/1/2004
2/24/2004,2.23,2/1/2004
2/25/2004,2.24,2/1/2004
2/26/2004,2.29,2/1/2004
2/27/2004,2.38,2/1/2004
3/1/2004,2.4,3/1/2004
3/2/2004,2.42,3/1/2004
3/3/2004,2.42,3/1/2004
3/4/2004,2.35,3/1/2004
3/5/2004,2.28,3/1/2004
3/8/2004,2.25,3/1/2004
3/9/2004,2.2,3/1/2004
3/10/2004,2.18,3/1/2004
3/11/2004,2.15,3/1/2004
3/12/2004,2.14,3/1/2004
3/15/2004,2.2,3/1/2004
3/16/2004,2.2,3/1/2004
3/17/2004,2.27,3/1/2004
3/18/2004,2.32,3/1/2004
3/19/2004,2.27,3/1/2004
3/22/2004,2.24,3/1/2004
3/23/2004,2.24,3/1/2004
3/24/2004,2.27,3/1/2004
3/25/2004,2.26,3/1/2004
3/26/2004,2.3,3/1/2004
3/29/2004,2.31,3/1/2004
3/30/2004,2.29,3/1/2004
3/31/2004,2.29,3/1/2004
4/1/2004,2.34,4/1/2004
4/2/2004,2.38,4/1/2004
4/5/2004,2.4,4/1/2004
4/6/2004,2.37,4/1/2004
4/7/2004,2.28,4/1/2004
4/8/2004,2.34,4/1/2004
4/9/2004,,4/1/2004
4/12/2004,2.35,4/1/2004
4/13/2004,2.39,4/1/2004
4/14/2004,2.43,4/1/2004
4/15/2004,2.42,4/1/2004
4/16/2004,2.44,4/1/2004
4/19/2004,2.46,4/1/2004
4/20/2004,2.38,4/1/2004
4/21/2004,2.45,4/1/2004
4/22/2004,2.36,4/1/2004
4/23/2004,2.29,4/1/2004
4/26/2004,2.37,4/1/2004
4/27/2004,2.38,4/1/2004
4/28/2004,2.34,4/1/2004
4/29/2004,2.34,4/1/2004
4/30/2004,2.34,4/1/2004
5/3/2004,2.35,5/1/2004
5/4/2004,2.4,5/1/2004
5/5/2004,2.42,5/1/2004
5/6/2004,2.38,5/1/2004
5/7/2004,2.46,5/1/2004
5/10/2004,2.42,5/1/2004
5/11/2004,2.45,5/1/2004
5/12/2004,2.54,5/1/2004
5/13/2004,2.58,5/1/2004
5/14/2004,2.51,5/1/2004
5/17/2004,2.5,5/1/2004
5/18/2004,2.54,5/1/2004
5/19/2004,2.61,5/1/2004
5/20/2004,2.61,5/1/2004
5/21/2004,2.57,5/1/2004
5/24/2004,2.63,5/1/2004
5/25/2004,2.6,5/1/2004
5/26/2004,2.58,5/1/2004
5/27/2004,2.55,5/1/2004
5/28/2004,2.55,5/1/2004
5/31/2004,,5/1/2004
6/1/2004,2.64,6/1/2004
6/2/2004,2.62,6/1/2004
6/3/2004,2.58,6/1/2004
6/4/2004,2.6,6/1/2004
6/7/2004,2.58,6/1/2004
6/8/2004,2.53,6/1/2004
6/9/2004,2.54,6/1/2004
6/10/2004,2.55,6/1/2004
6/11/2004,,6/1/2004
6/14/2004,2.55,6/1/2004
6/15/2004,2.52,6/1/2004
6/16/2004,2.53,6/1/2004
6/17/2004,2.51,6/1/2004
6/18/2004,2.54,6/1/2004
6/21/2004,2.51,6/1/2004
6/22/2004,2.51,6/1/2004
6/23/2004,2.48,6/1/2004
6/24/2004,2.45,6/1/2004
6/25/2004,2.42,6/1/2004
6/28/2004,2.45,6/1/2004
6/29/2004,2.42,6/1/2004
6/30/2004,2.43,6/1/2004
7/1/2004,2.44,7/1/2004
7/2/2004,2.41,7/1/2004
7/5/2004,,7/1/2004
7/6/2004,2.42,7/1/2004
7/7/2004,2.44,7/1/2004
7/8/2004,2.43,7/1/2004
7/9/2004,2.41,7/1/2004
7/12/2004,2.38,7/1/2004
7/13/2004,2.4,7/1/2004
7/14/2004,2.41,7/1/2004
7/15/2004,2.42,7/1/2004
7/16/2004,2.37,7/1/2004
7/19/2004,2.36,7/1/2004
7/20/2004,2.36,7/1/2004
7/21/2004,2.37,7/1/2004
7/22/2004,2.37,7/1/2004
7/23/2004,2.38,7/1/2004
7/26/2004,2.36,7/1/2004
7/27/2004,2.38,7/1/2004
7/28/2004,2.4,7/1/2004
7/29/2004,2.43,7/1/2004
7/30/2004,2.41,7/1/2004
8/2/2004,2.42,8/1/2004
8/3/2004,2.43,8/1/2004
8/4/2004,2.39,8/1/2004
8/5/2004,2.41,8/1/2004
8/6/2004,2.34,8/1/2004
8/9/2004,2.37,8/1/2004
8/10/2004,2.35,8/1/2004
8/11/2004,2.38,8/1/2004
8/12/2004,2.4,8/1/2004
8/13/2004,2.41,8/1/2004
8/16/2004,2.39,8/1/2004
8/17/2004,2.33,8/1/2004
8/18/2004,2.32,8/1/2004
8/19/2004,2.39,8/1/2004
8/20/2004,2.36,8/1/2004
8/23/2004,2.33,8/1/2004
8/24/2004,2.3,8/1/2004
8/25/2004,2.29,8/1/2004
8/26/2004,2.28,8/1/2004
8/27/2004,2.29,8/1/2004
8/30/2004,2.28,8/1/2004
8/31/2004,2.27,8/1/2004
9/1/2004,2.28,9/1/2004
9/2/2004,2.32,9/1/2004
9/3/2004,2.36,9/1/2004
9/6/2004,,9/1/2004
9/7/2004,2.34,9/1/2004
9/8/2004,2.3,9/1/2004
9/9/2004,2.3,9/1/2004
9/10/2004,2.26,9/1/2004
9/13/2004,2.27,9/1/2004
9/14/2004,2.24,9/1/2004
9/15/2004,2.23,9/1/2004
9/16/2004,2.17,9/1/2004
9/17/2004,2.18,9/1/2004
9/20/2004,2.19,9/1/2004
9/21/2004,2.14,9/1/2004
9/22/2004,2.17,9/1/2004
9/23/2004,2.19,9/1/2004
9/24/2004,2.2,9/1/2004
9/27/2004,2.25,9/1/2004
9/28/2004,2.28,9/1/2004
9/29/2004,2.3,9/1/2004
9/30/2004,2.33,9/1/2004
10/1/2004,2.35,10/1/2004
10/4/2004,2.31,10/1/2004
10/5/2004,2.33,10/1/2004
10/6/2004,2.33,10/1/2004
10/7/2004,2.35,10/1/2004
10/8/2004,2.32,10/1/2004
10/11/2004,,10/1/2004
10/12/2004,2.31,10/1/2004
10/13/2004,2.32,10/1/2004
10/14/2004,2.32,10/1/2004
10/15/2004,2.34,10/1/2004
10/18/2004,2.32,10/1/2004
10/19/2004,2.33,10/1/2004
10/20/2004,2.34,10/1/2004
10/21/2004,2.44,10/1/2004
10/22/2004,2.43,10/1/2004
10/25/2004,2.42,10/1/2004
10/26/2004,2.45,10/1/2004
10/27/2004,2.47,10/1/2004
10/28/2004,2.49,10/1/2004
10/29/2004,2.49,10/1/2004
11/1/2004,2.52,11/1/2004
11/2/2004,2.56,11/1/2004
11/3/2004,2.57,11/1/2004
11/4/2004,2.53,11/1/2004
11/5/2004,2.6,11/1/2004
11/8/2004,2.59,11/1/2004
11/9/2004,2.57,11/1/2004
11/10/2004,2.59,11/1/2004
11/11/2004,,11/1/2004
11/12/2004,2.59,11/1/2004
11/15/2004,2.62,11/1/2004
11/16/2004,2.64,11/1/2004
11/17/2004,2.61,11/1/2004
11/18/2004,2.6,11/1/2004
11/19/2004,2.64,11/1/2004
11/22/2004,2.67,11/1/2004
11/23/2004,2.65,11/1/2004
11/24/2004,2.68,11/1/2004
11/25/2004,,11/1/2004
11/26/2004,2.7,11/1/2004
11/29/2004,2.74,11/1/2004
11/30/2004,2.76,11/1/2004
12/1/2004,2.73,12/1/2004
12/2/2004,2.72,12/1/2004
12/3/2004,2.68,12/1/2004
12/6/2004,2.66,12/1/2004
12/7/2004,2.66,12/1/2004
12/8/2004,2.66,12/1/2004
12/9/2004,2.64,12/1/2004
12/10/2004,2.59,12/1/2004
12/13/2004,2.62,12/1/2004
12/14/2004,2.64,12/1/2004
12/15/2004,2.65,12/1/2004
12/16/2004,2.68,12/1/2004
12/17/2004,2.69,12/1/2004
12/20/2004,2.7,12/1/2004
12/21/2004,2.71,12/1/2004
12/22/2004,2.68,12/1/2004
12/23/2004,2.7,12/1/2004
12/24/2004,,12/1/2004
12/27/2004,2.71,12/1/2004
12/28/2004,2.71,12/1/2004
12/29/2004,2.7,12/1/2004
12/30/2004,2.67,12/1/2004
12/31/2004,2.64,12/1/2004
1/3/2005,2.62,1/1/2005
1/4/2005,2.62,1/1/2005
1/5/2005,2.6,1/1/2005
1/6/2005,2.59,1/1/2005
1/7/2005,2.57,1/1/2005
1/10/2005,2.62,1/1/2005
1/11/2005,2.6,1/1/2005
1/12/2005,2.6,1/1/2005
1/13/2005,2.6,1/1/2005
1/14/2005,2.58,1/1/2005
1/17/2005,,1/1/2005
1/18/2005,2.57,1/1/2005
1/19/2005,2.56,1/1/2005
1/20/2005,2.52,1/1/2005
1/21/2005,2.51,1/1/2005
1/24/2005,2.52,1/1/2005
1/25/2005,2.55,1/1/2005
1/26/2005,2.58,1/1/2005
1/27/2005,2.59,1/1/2005
1/28/2005,2.58,1/1/2005
1/31/2005,2.58,1/1/2005
2/1/2005,2.56,2/1/2005
2/2/2005,2.55,2/1/2005
2/3/2005,2.56,2/1/2005
2/4/2005,2.57,2/1/2005
2/7/2005,2.56,2/1/2005
2/8/2005,2.61,2/1/2005
2/9/2005,2.63,2/1/2005
2/10/2005,2.66,2/1/2005
2/11/2005,2.7,2/1/2005
2/14/2005,2.72,2/1/2005
2/15/2005,2.65,2/1/2005
2/16/2005,2.68,2/1/2005
2/17/2005,2.7,2/1/2005
2/18/2005,2.78,2/1/2005
2/21/2005,,2/1/2005
2/22/2005,2.81,2/1/2005
2/23/2005,2.81,2/1/2005
2/24/2005,2.81,2/1/2005
2/25/2005,2.8,2/1/2005
2/28/2005,2.82,2/1/2005
3/1/2005,2.85,3/1/2005
3/2/2005,2.86,3/1/2005
3/3/2005,2.87,3/1/2005
3/4/2005,2.85,3/1/2005
3/7/2005,2.86,3/1/2005
3/8/2005,2.89,3/1/2005
3/9/2005,2.93,3/1/2005
3/10/2005,2.88,3/1/2005
3/11/2005,2.88,3/1/2005
3/14/2005,2.86,3/1/2005
3/15/2005,2.88,3/1/2005
3/16/2005,2.89,3/1/2005
3/17/2005,2.91,3/1/2005
3/18/2005,2.92,3/1/2005
3/21/2005,2.9,3/1/2005
3/22/2005,2.94,3/1/2005
3/23/2005,2.86,3/1/2005
3/24/2005,2.85,3/1/2005
3/25/2005,,3/1/2005
3/28/2005,2.85,3/1/2005
3/29/2005,2.85,3/1/2005
3/30/2005,2.84,3/1/2005
3/31/2005,2.87,3/1/2005
4/1/2005,2.85,4/1/2005
4/4/2005,2.85,4/1/2005
4/5/2005,2.83,4/1/2005
4/6/2005,2.79,4/1/2005
4/7/2005,2.77,4/1/2005
4/8/2005,2.8,4/1/2005
4/11/2005,2.78,4/1/2005
4/12/2005,2.76,4/1/2005
4/13/2005,2.72,4/1/2005
4/14/2005,2.73,4/1/2005
4/15/2005,2.7,4/1/2005
4/18/2005,2.71,4/1/2005
4/19/2005,2.72,4/1/2005
4/20/2005,2.75,4/1/2005
4/21/2005,2.8,4/1/2005
4/22/2005,2.81,4/1/2005
4/25/2005,2.79,4/1/2005
4/26/2005,2.79,4/1/2005
4/27/2005,2.75,4/1/2005
4/28/2005,2.74,4/1/2005
4/29/2005,2.73,4/1/2005
5/2/2005,2.7,5/1/2005
5/3/2005,2.66,5/1/2005
5/4/2005,2.66,5/1/2005
5/5/2005,2.64,5/1/2005
5/6/2005,2.68,5/1/2005
5/9/2005,2.71,5/1/2005
5/10/2005,2.69,5/1/2005
5/11/2005,2.67,5/1/2005
5/12/2005,2.6,5/1/2005
5/13/2005,2.53,5/1/2005
5/16/2005,2.53,5/1/2005
5/17/2005,2.54,5/1/2005
5/18/2005,2.49,5/1/2005
5/19/2005,2.5,5/1/2005
5/20/2005,2.55,5/1/2005
5/23/2005,2.5,5/1/2005
5/24/2005,2.48,5/1/2005
5/25/2005,2.5,5/1/2005
5/26/2005,2.47,5/1/2005
5/27/2005,2.5,5/1/2005
5/30/2005,,5/1/2005
5/31/2005,2.47,5/1/2005
6/1/2005,2.44,6/1/2005
6/2/2005,2.42,6/1/2005
6/3/2005,2.42,6/1/2005
6/6/2005,2.43,6/1/2005
6/7/2005,2.39,6/1/2005
6/8/2005,2.39,6/1/2005
6/9/2005,2.39,6/1/2005
6/10/2005,2.37,6/1/2005
6/13/2005,2.38,6/1/2005
6/14/2005,2.39,6/1/2005
6/15/2005,2.38,6/1/2005
6/16/2005,2.39,6/1/2005
6/17/2005,2.43,6/1/2005
6/20/2005,2.42,6/1/2005
6/21/2005,2.4,6/1/2005
6/22/2005,2.32,6/1/2005
6/23/2005,2.34,6/1/2005
6/24/2005,2.32,6/1/2005
6/27/2005,2.35,6/1/2005
6/28/2005,2.36,6/1/2005
6/29/2005,2.35,6/1/2005
6/30/2005,2.31,6/1/2005
7/1/2005,2.34,7/1/2005
7/4/2005,,7/1/2005
7/5/2005,2.35,7/1/2005
7/6/2005,2.34,7/1/2005
7/7/2005,2.33,7/1/2005
7/8/2005,2.33,7/1/2005
7/11/2005,2.36,7/1/2005
7/12/2005,2.37,7/1/2005
7/13/2005,2.35,7/1/2005
7/14/2005,2.27,7/1/2005
7/15/2005,2.23,7/1/2005
7/18/2005,2.22,7/1/2005
7/19/2005,2.25,7/1/2005
7/20/2005,2.27,7/1/2005
7/21/2005,2.32,7/1/2005
7/22/2005,2.32,7/1/2005
7/25/2005,2.3,7/1/2005
7/26/2005,2.3,7/1/2005
7/27/2005,2.31,7/1/2005
7/28/2005,2.31,7/1/2005
7/29/2005,2.32,7/1/2005
8/1/2005,2.37,8/1/2005
8/2/2005,2.37,8/1/2005
8/3/2005,2.38,8/1/2005
8/4/2005,2.38,8/1/2005
8/5/2005,2.41,8/1/2005
8/8/2005,2.43,8/1/2005
8/9/2005,2.39,8/1/2005
8/10/2005,2.39,8/1/2005
8/11/2005,2.38,8/1/2005
8/12/2005,2.38,8/1/2005
8/15/2005,2.41,8/1/2005
8/16/2005,2.42,8/1/2005
8/17/2005,2.42,8/1/2005
8/18/2005,2.4,8/1/2005
8/19/2005,2.42,8/1/2005
8/22/2005,2.41,8/1/2005
8/23/2005,2.42,8/1/2005
8/24/2005,2.42,8/1/2005
8/25/2005,2.44,8/1/2005
8/26/2005,2.44,8/1/2005
8/29/2005,2.45,8/1/2005
8/30/2005,2.51,8/1/2005
8/31/2005,2.44,8/1/2005
9/1/2005,2.47,9/1/2005
9/2/2005,2.53,9/1/2005
9/5/2005,,9/1/2005
9/6/2005,2.49,9/1/2005
9/7/2005,2.5,9/1/2005
9/8/2005,2.56,9/1/2005
9/9/2005,2.62,9/1/2005
9/12/2005,2.61,9/1/2005
9/13/2005,2.59,9/1/2005
9/14/2005,2.6,9/1/2005
9/15/2005,2.62,9/1/2005
9/16/2005,2.65,9/1/2005
9/19/2005,2.67,9/1/2005
9/20/2005,2.63,9/1/2005
9/21/2005,2.65,9/1/2005
9/22/2005,2.63,9/1/2005
9/23/2005,2.64,9/1/2005
9/26/2005,2.63,9/1/2005
9/27/2005,2.66,9/1/2005
9/28/2005,2.67,9/1/2005
9/29/2005,2.69,9/1/2005
9/30/2005,2.72,9/1/2005
10/3/2005,2.71,10/1/2005
10/4/2005,2.68,10/1/2005
10/5/2005,2.66,10/1/2005
10/6/2005,2.59,10/1/2005
10/7/2005,2.59,10/1/2005
10/10/2005,,10/1/2005
10/11/2005,2.6,10/1/2005
10/12/2005,2.61,10/1/2005
10/13/2005,2.59,10/1/2005
10/14/2005,2.63,10/1/2005
10/17/2005,2.68,10/1/2005
10/18/2005,2.68,10/1/2005
10/19/2005,2.66,10/1/2005
10/20/2005,2.65,10/1/2005
10/21/2005,2.6,10/1/2005
10/24/2005,2.61,10/1/2005
10/25/2005,2.6,10/1/2005
10/26/2005,2.62,10/1/2005
10/27/2005,2.62,10/1/2005
10/28/2005,2.64,10/1/2005
10/31/2005,2.64,10/1/2005
11/1/2005,2.63,11/1/2005
11/2/2005,2.63,11/1/2005
11/3/2005,2.64,11/1/2005
11/4/2005,2.66,11/1/2005
11/7/2005,2.64,11/1/2005
11/8/2005,2.59,11/1/2005
11/9/2005,2.56,11/1/2005
11/10/2005,2.47,11/1/2005
11/11/2005,,11/1/2005
11/14/2005,2.44,11/1/2005
11/15/2005,2.43,11/1/2005
11/16/2005,2.4,11/1/2005
11/17/2005,2.39,11/1/2005
11/18/2005,2.38,11/1/2005
11/21/2005,2.4,11/1/2005
11/22/2005,2.41,11/1/2005
11/23/2005,2.41,11/1/2005
11/24/2005,,11/1/2005
11/25/2005,2.4,11/1/2005
11/28/2005,2.38,11/1/2005
11/29/2005,2.37,11/1/2005
11/30/2005,2.35,11/1/2005
12/1/2005,2.37,12/1/2005
12/2/2005,2.36,12/1/2005
12/5/2005,2.41,12/1/2005
12/6/2005,2.36,12/1/2005
12/7/2005,2.31,12/1/2005
12/8/2005,2.28,12/1/2005
12/9/2005,2.31,12/1/2005
12/12/2005,2.34,12/1/2005
12/13/2005,2.34,12/1/2005
12/14/2005,2.32,12/1/2005
12/15/2005,2.32,12/1/2005
12/16/2005,2.28,12/1/2005
12/19/2005,2.28,12/1/2005
12/20/2005,2.3,12/1/2005
12/21/2005,2.29,12/1/2005
12/22/2005,2.28,12/1/2005
12/23/2005,2.26,12/1/2005
12/26/2005,,12/1/2005
12/27/2005,2.25,12/1/2005
12/28/2005,2.23,12/1/2005
12/29/2005,2.26,12/1/2005
12/30/2005,2.3,12/1/2005
1/2/2006,,1/1/2006
1/3/2006,2.3,1/1/2006
1/4/2006,2.31,1/1/2006
1/5/2006,2.28,1/1/2006
1/6/2006,2.33,1/1/2006
1/9/2006,2.35,1/1/2006
1/10/2006,2.38,1/1/2006
1/11/2006,2.39,1/1/2006
1/12/2006,2.41,1/1/2006
1/13/2006,2.38,1/1/2006
1/16/2006,,1/1/2006
1/17/2006,2.4,1/1/2006
1/18/2006,2.4,1/1/2006
1/19/2006,2.41,1/1/2006
1/20/2006,2.47,1/1/2006
1/23/2006,2.46,1/1/2006
1/24/2006,2.45,1/1/2006
1/25/2006,2.43,1/1/2006
1/26/2006,2.47,1/1/2006
1/27/2006,2.52,1/1/2006
1/30/2006,2.54,1/1/2006
1/31/2006,2.58,1/1/2006
2/1/2006,2.57,2/1/2006
2/2/2006,2.55,2/1/2006
2/3/2006,2.57,2/1/2006
2/6/2006,2.58,2/1/2006
2/7/2006,2.57,2/1/2006
2/8/2006,2.54,2/1/2006
2/9/2006,2.55,2/1/2006
2/10/2006,2.57,2/1/2006
2/13/2006,2.55,2/1/2006
2/14/2006,2.52,2/1/2006
2/15/2006,2.52,2/1/2006
2/16/2006,2.56,2/1/2006
2/17/2006,2.6,2/1/2006
2/20/2006,,2/1/2006
2/21/2006,2.62,2/1/2006
2/22/2006,2.64,2/1/2006
2/23/2006,2.66,2/1/2006
2/24/2006,2.7,2/1/2006
2/27/2006,2.7,2/1/2006
2/28/2006,2.68,2/1/2006
3/1/2006,2.71,3/1/2006
3/2/2006,2.74,3/1/2006
3/3/2006,2.76,3/1/2006
3/6/2006,2.73,3/1/2006
3/7/2006,2.71,3/1/2006
3/8/2006,2.66,3/1/2006
3/9/2006,2.66,3/1/2006
3/10/2006,2.62,3/1/2006
3/13/2006,2.61,3/1/2006
3/14/2006,2.61,3/1/2006
3/15/2006,2.62,3/1/2006
3/16/2006,2.62,3/1/2006
3/17/2006,2.62,3/1/2006
3/20/2006,2.6,3/1/2006
3/21/2006,2.57,3/1/2006
3/22/2006,2.56,3/1/2006
3/23/2006,2.58,3/1/2006
3/24/2006,2.55,3/1/2006
3/27/2006,2.55,3/1/2006
3/28/2006,2.57,3/1/2006
3/29/2006,2.55,3/1/2006
3/30/2006,2.58,3/1/2006
3/31/2006,2.58,3/1/2006
4/3/2006,2.59,4/1/2006
4/4/2006,2.55,4/1/2006
4/5/2006,2.56,4/1/2006
4/6/2006,2.59,4/1/2006
4/7/2006,2.58,4/1/2006
4/10/2006,2.6,4/1/2006
4/11/2006,2.63,4/1/2006
4/12/2006,2.66,4/1/2006
4/13/2006,2.66,4/1/2006
4/14/2006,,4/1/2006
4/17/2006,2.68,4/1/2006
4/18/2006,2.69,4/1/2006
4/19/2006,2.75,4/1/2006
4/20/2006,2.72,4/1/2006
4/21/2006,2.73,4/1/2006
4/24/2006,2.69,4/1/2006
4/25/2006,2.6,4/1/2006
4/26/2006,2.63,4/1/2006
4/27/2006,2.62,4/1/2006
4/28/2006,2.67,4/1/2006
5/1/2006,2.72,5/1/2006
5/2/2006,2.71,5/1/2006
5/3/2006,2.71,5/1/2006
5/4/2006,2.69,5/1/2006
5/5/2006,2.7,5/1/2006
5/8/2006,2.69,5/1/2006
5/9/2006,2.72,5/1/2006
5/10/2006,2.73,5/1/2006
5/11/2006,2.78,5/1/2006
5/12/2006,2.78,5/1/2006
5/15/2006,2.71,5/1/2006
5/16/2006,2.69,5/1/2006
5/17/2006,2.71,5/1/2006
5/18/2006,2.69,5/1/2006
5/19/2006,2.65,5/1/2006
5/22/2006,2.63,5/1/2006
5/23/2006,2.68,5/1/2006
5/24/2006,2.64,5/1/2006
5/25/2006,2.64,5/1/2006
5/26/2006,2.65,5/1/2006
5/29/2006,,5/1/2006
5/30/2006,2.67,5/1/2006
5/31/2006,2.68,5/1/2006
6/1/2006,2.69,6/1/2006
6/2/2006,2.66,6/1/2006
6/5/2006,2.66,6/1/2006
6/6/2006,2.62,6/1/2006
6/7/2006,2.59,6/1/2006
6/8/2006,2.58,6/1/2006
6/9/2006,2.6,6/1/2006
6/12/2006,2.58,6/1/2006
6/13/2006,2.56,6/1/2006
6/14/2006,2.61,6/1/2006
6/15/2006,2.64,6/1/2006
6/16/2006,2.63,6/1/2006
6/19/2006,2.61,6/1/2006
6/20/2006,2.61,6/1/2006
6/21/2006,2.61,6/1/2006
6/22/2006,2.62,6/1/2006
6/23/2006,2.63,6/1/2006
6/26/2006,2.61,6/1/2006
6/27/2006,2.61,6/1/2006
6/28/2006,2.59,6/1/2006
6/29/2006,2.6,6/1/2006
6/30/2006,2.63,6/1/2006
7/3/2006,2.62,7/1/2006
7/4/2006,,7/1/2006
7/5/2006,2.62,7/1/2006
7/6/2006,2.63,7/1/2006
7/7/2006,2.63,7/1/2006
7/10/2006,2.61,7/1/2006
7/11/2006,2.59,7/1/2006
7/12/2006,2.59,7/1/2006
7/13/2006,2.58,7/1/2006
7/14/2006,2.58,7/1/2006
7/17/2006,2.59,7/1/2006
7/18/2006,2.58,7/1/2006
7/19/2006,2.57,7/1/2006
7/20/2006,2.58,7/1/2006
7/21/2006,2.57,7/1/2006
7/24/2006,2.55,7/1/2006
7/25/2006,2.57,7/1/2006
7/26/2006,2.58,7/1/2006
7/27/2006,2.57,7/1/2006
7/28/2006,2.54,7/1/2006
7/31/2006,2.54,7/1/2006
8/1/2006,2.55,8/1/2006
8/2/2006,2.58,8/1/2006
8/3/2006,2.59,8/1/2006
8/4/2006,2.59,8/1/2006
8/7/2006,2.61,8/1/2006
8/8/2006,2.62,8/1/2006
8/9/2006,2.65,8/1/2006
8/10/2006,2.62,8/1/2006
8/11/2006,2.64,8/1/2006
8/14/2006,2.64,8/1/2006
8/15/2006,2.61,8/1/2006
8/16/2006,2.56,8/1/2006
8/17/2006,2.55,8/1/2006
8/18/2006,2.55,8/1/2006
8/21/2006,2.55,8/1/2006
8/22/2006,2.56,8/1/2006
8/23/2006,2.52,8/1/2006
8/24/2006,2.49,8/1/2006
8/25/2006,2.5,8/1/2006
8/28/2006,2.46,8/1/2006
8/29/2006,2.47,8/1/2006
8/30/2006,2.41,8/1/2006
8/31/2006,2.44,8/1/2006
9/1/2006,2.4,9/1/2006
9/4/2006,,9/1/2006
9/5/2006,2.39,9/1/2006
9/6/2006,2.41,9/1/2006
9/7/2006,2.36,9/1/2006
9/8/2006,2.32,9/1/2006
9/11/2006,2.31,9/1/2006
9/12/2006,2.3,9/1/2006
9/13/2006,2.31,9/1/2006
9/14/2006,2.35,9/1/2006
9/15/2006,2.31,9/1/2006
9/18/2006,2.31,9/1/2006
9/19/2006,2.27,9/1/2006
9/20/2006,2.22,9/1/2006
9/21/2006,2.2,9/1/2006
9/22/2006,2.2,9/1/2006
9/25/2006,2.19,9/1/2006
9/26/2006,2.23,9/1/2006
9/27/2006,2.24,9/1/2006
9/28/2006,2.24,9/1/2006
9/29/2006,2.25,9/1/2006
10/2/2006,2.25,10/1/2006
10/3/2006,2.21,10/1/2006
10/4/2006,2.17,10/1/2006
10/5/2006,2.17,10/1/2006
10/6/2006,2.18,10/1/2006
10/9/2006,,10/1/2006
10/10/2006,2.2,10/1/2006
10/11/2006,2.21,10/1/2006
10/12/2006,2.2,10/1/2006
10/13/2006,2.2,10/1/2006
10/16/2006,2.2,10/1/2006
10/17/2006,2.17,10/1/2006
10/18/2006,2.16,10/1/2006
10/19/2006,2.14,10/1/2006
10/20/2006,2.15,10/1/2006
10/23/2006,2.15,10/1/2006
10/24/2006,2.18,10/1/2006
10/25/2006,2.2,10/1/2006
10/26/2006,2.17,10/1/2006
10/27/2006,2.16,10/1/2006
10/30/2006,2.13,10/1/2006
10/31/2006,2.1,10/1/2006
11/1/2006,2.11,11/1/2006
11/2/2006,2.11,11/1/2006
11/3/2006,2.18,11/1/2006
11/6/2006,2.21,11/1/2006
11/7/2006,2.19,11/1/2006
11/8/2006,2.2,11/1/2006
11/9/2006,2.19,11/1/2006
11/10/2006,2.2,11/1/2006
11/13/2006,2.18,11/1/2006
11/14/2006,2.16,11/1/2006
11/15/2006,2.17,11/1/2006
11/16/2006,2.14,11/1/2006
11/17/2006,2.12,11/1/2006
11/20/2006,2.13,11/1/2006
11/21/2006,2.15,11/1/2006
11/22/2006,2.15,11/1/2006
11/23/2006,,11/1/2006
11/24/2006,2.17,11/1/2006
11/27/2006,2.21,11/1/2006
11/28/2006,2.22,11/1/2006
11/29/2006,2.23,11/1/2006
11/30/2006,2.24,11/1/2006
12/1/2006,2.27,12/1/2006
12/4/2006,2.26,12/1/2006
12/5/2006,2.27,12/1/2006
12/6/2006,2.27,12/1/2006
12/7/2006,2.27,12/1/2006
12/8/2006,2.28,12/1/2006
12/11/2006,2.29,12/1/2006
12/12/2006,2.27,12/1/2006
12/13/2006,2.28,12/1/2006
12/14/2006,2.32,12/1/2006
12/15/2006,2.25,12/1/2006
12/18/2006,2.22,12/1/2006
12/19/2006,2.23,12/1/2006
12/20/2006,2.22,12/1/2006
12/21/2006,2.19,12/1/2006
12/22/2006,2.21,12/1/2006
12/25/2006,,12/1/2006
12/26/2006,2.21,12/1/2006
12/27/2006,2.2,12/1/2006
12/28/2006,2.23,12/1/2006
12/29/2006,2.26,12/1/2006
1/1/2007,,1/1/2007
1/2/2007,2.27,1/1/2007
1/3/2007,2.27,1/1/2007
1/4/2007,2.22,1/1/2007
1/5/2007,2.24,1/1/2007
1/8/2007,2.24,1/1/2007
1/9/2007,2.22,1/1/2007
1/10/2007,2.22,1/1/2007
1/11/2007,2.23,1/1/2007
1/12/2007,2.23,1/1/2007
1/15/2007,,1/1/2007
1/16/2007,2.22,1/1/2007
1/17/2007,2.24,1/1/2007
1/18/2007,2.23,1/1/2007
1/19/2007,2.25,1/1/2007
1/22/2007,2.29,1/1/2007
1/23/2007,2.31,1/1/2007
1/24/2007,2.34,1/1/2007
1/25/2007,2.33,1/1/2007
1/26/2007,2.36,1/1/2007
1/29/2007,2.37,1/1/2007
1/30/2007,2.39,1/1/2007
1/31/2007,2.42,1/1/2007
2/1/2007,2.41,2/1/2007
2/2/2007,2.42,2/1/2007
2/5/2007,2.4,2/1/2007
2/6/2007,2.38,2/1/2007
2/7/2007,2.36,2/1/2007
2/8/2007,2.36,2/1/2007
2/9/2007,2.37,2/1/2007
2/12/2007,2.34,2/1/2007
2/13/2007,2.36,2/1/2007
2/14/2007,2.34,2/1/2007
2/15/2007,2.3,2/1/2007
2/16/2007,2.32,2/1/2007
2/19/2007,,2/1/2007
2/20/2007,2.32,2/1/2007
2/21/2007,2.34,2/1/2007
2/22/2007,2.39,2/1/2007
2/23/2007,2.41,2/1/2007
2/26/2007,2.41,2/1/2007
2/27/2007,2.39,2/1/2007
2/28/2007,2.4,2/1/2007
3/1/2007,2.39,3/1/2007
3/2/2007,2.4,3/1/2007
3/5/2007,2.39,3/1/2007
3/6/2007,2.4,3/1/2007
3/7/2007,2.4,3/1/2007
3/8/2007,2.39,3/1/2007
3/9/2007,2.42,3/1/2007
3/12/2007,2.4,3/1/2007
3/13/2007,2.4,3/1/2007
3/14/2007,2.41,3/1/2007
3/15/2007,2.42,3/1/2007
3/16/2007,2.44,3/1/2007
3/19/2007,2.46,3/1/2007
3/20/2007,2.45,3/1/2007
3/21/2007,2.44,3/1/2007
3/22/2007,2.47,3/1/2007
3/23/2007,2.49,3/1/2007
3/26/2007,2.48,3/1/2007
3/27/2007,2.51,3/1/2007
3/28/2007,2.52,3/1/2007
3/29/2007,2.53,3/1/2007
3/30/2007,2.51,3/1/2007
4/2/2007,2.5,4/1/2007
4/3/2007,2.47,4/1/2007
4/4/2007,2.49,4/1/2007
4/5/2007,2.51,4/1/2007
4/6/2007,2.55,4/1/2007
4/9/2007,2.52,4/1/2007
4/10/2007,2.51,4/1/2007
4/11/2007,2.52,4/1/2007
4/12/2007,2.52,4/1/2007
4/13/2007,2.5,4/1/2007
4/16/2007,2.49,4/1/2007
4/17/2007,2.44,4/1/2007
4/18/2007,2.41,4/1/2007
4/19/2007,2.44,4/1/2007
4/20/2007,2.44,4/1/2007
4/23/2007,2.46,4/1/2007
4/24/2007,2.42,4/1/2007
4/25/2007,2.45,4/1/2007
4/26/2007,2.46,4/1/2007
4/27/2007,2.47,4/1/2007
4/30/2007,2.45,4/1/2007
5/1/2007,2.47,5/1/2007
5/2/2007,2.47,5/1/2007
5/3/2007,2.45,5/1/2007
5/4/2007,2.42,5/1/2007
5/7/2007,2.37,5/1/2007
5/8/2007,2.38,5/1/2007
5/9/2007,2.38,5/1/2007
5/10/2007,2.41,5/1/2007
5/11/2007,2.38,5/1/2007
5/14/2007,2.41,5/1/2007
5/15/2007,2.35,5/1/2007
5/16/2007,2.34,5/1/2007
5/17/2007,2.36,5/1/2007
5/18/2007,2.37,5/1/2007
5/21/2007,2.35,5/1/2007
5/22/2007,2.34,5/1/2007
5/23/2007,2.35,5/1/2007
5/24/2007,2.36,5/1/2007
5/25/2007,2.37,5/1/2007
5/28/2007,,5/1/2007
5/29/2007,2.32,5/1/2007
5/30/2007,2.33,5/1/2007
5/31/2007,2.33,5/1/2007
6/1/2007,2.34,6/1/2007
6/4/2007,2.36,6/1/2007
6/5/2007,2.35,6/1/2007
6/6/2007,2.37,6/1/2007
6/7/2007,2.38,6/1/2007
6/8/2007,2.38,6/1/2007
6/11/2007,2.38,6/1/2007
6/12/2007,2.39,6/1/2007
6/13/2007,2.39,6/1/2007
6/14/2007,2.42,6/1/2007
6/15/2007,2.42,6/1/2007
6/18/2007,2.39,6/1/2007
6/19/2007,2.38,6/1/2007
6/20/2007,2.37,6/1/2007
6/21/2007,2.37,6/1/2007
6/22/2007,2.39,6/1/2007
6/25/2007,2.37,6/1/2007
6/26/2007,2.35,6/1/2007
6/27/2007,2.33,6/1/2007
6/28/2007,2.36,6/1/2007
6/29/2007,2.33,6/1/2007
7/2/2007,2.34,7/1/2007
7/3/2007,2.34,7/1/2007
7/4/2007,,7/1/2007
7/5/2007,2.36,7/1/2007
7/6/2007,2.38,7/1/2007
7/9/2007,2.39,7/1/2007
7/10/2007,2.36,7/1/2007
7/11/2007,2.35,7/1/2007
7/12/2007,2.36,7/1/2007
7/13/2007,2.34,7/1/2007
7/16/2007,2.29,7/1/2007
7/17/2007,2.27,7/1/2007
7/18/2007,2.3,7/1/2007
7/19/2007,2.31,7/1/2007
7/20/2007,2.28,7/1/2007
7/23/2007,2.24,7/1/2007
7/24/2007,2.24,7/1/2007
7/25/2007,2.25,7/1/2007
7/26/2007,2.18,7/1/2007
7/27/2007,2.15,7/1/2007
7/30/2007,2.17,7/1/2007
7/31/2007,2.17,7/1/2007
8/1/2007,2.17,8/1/2007
8/2/2007,2.15,8/1/2007
8/3/2007,2.11,8/1/2007
8/6/2007,2.08,8/1/2007
8/7/2007,2.09,8/1/2007
8/8/2007,2.11,8/1/2007
8/9/2007,2.08,8/1/2007
8/10/2007,2.07,8/1/2007
8/13/2007,2.07,8/1/2007
8/14/2007,2.07,8/1/2007
8/15/2007,2.04,8/1/2007
8/16/2007,1.99,8/1/2007
8/17/2007,2.03,8/1/2007
8/20/2007,1.99,8/1/2007
8/21/2007,1.99,8/1/2007
8/22/2007,2.01,8/1/2007
8/23/2007,2.03,8/1/2007
8/24/2007,2.03,8/1/2007
8/27/2007,2.03,8/1/2007
8/28/2007,1.96,8/1/2007
8/29/2007,1.99,8/1/2007
8/30/2007,1.95,8/1/2007
8/31/2007,1.97,8/1/2007
9/3/2007,,9/1/2007
9/4/2007,1.97,9/1/2007
9/5/2007,1.97,9/1/2007
9/6/2007,1.97,9/1/2007
9/7/2007,1.96,9/1/2007
9/10/2007,1.98,9/1/2007
9/11/2007,2.01,9/1/2007
9/12/2007,2.04,9/1/2007
9/13/2007,2.07,9/1/2007
9/14/2007,2.07,9/1/2007
9/17/2007,2.08,9/1/2007
9/18/2007,2.1,9/1/2007
9/19/2007,2.12,9/1/2007
9/20/2007,2.13,9/1/2007
9/21/2007,2.13,9/1/2007
9/24/2007,2.1,9/1/2007
9/25/2007,2.07,9/1/2007
9/26/2007,2.08,9/1/2007
9/27/2007,2.11,9/1/2007
9/28/2007,2.11,9/1/2007
10/1/2007,2.13,10/1/2007
10/2/2007,2.12,10/1/2007
10/3/2007,2.13,10/1/2007
10/4/2007,2.13,10/1/2007
10/5/2007,2.14,10/1/2007
10/8/2007,,10/1/2007
10/9/2007,2.18,10/1/2007
10/10/2007,2.18,10/1/2007
10/11/2007,2.19,10/1/2007
10/12/2007,2.2,10/1/2007
10/15/2007,2.22,10/1/2007
10/16/2007,2.23,10/1/2007
10/17/2007,2.21,10/1/2007
10/18/2007,2.21,10/1/2007
10/19/2007,2.19,10/1/2007
10/22/2007,2.2,10/1/2007
10/23/2007,2.17,10/1/2007
10/24/2007,2.16,10/1/2007
10/25/2007,2.22,10/1/2007
10/26/2007,2.24,10/1/2007
10/29/2007,2.25,10/1/2007
10/30/2007,2.25,10/1/2007
10/31/2007,2.26,10/1/2007
11/1/2007,2.28,11/1/2007
11/2/2007,2.31,11/1/2007
11/5/2007,2.35,11/1/2007
11/6/2007,2.4,11/1/2007
11/7/2007,2.38,11/1/2007
11/8/2007,2.34,11/1/2007
11/9/2007,2.37,11/1/2007
11/12/2007,,11/1/2007
11/13/2007,2.38,11/1/2007
11/14/2007,2.36,11/1/2007
11/15/2007,2.32,11/1/2007
11/16/2007,2.31,11/1/2007
11/19/2007,2.31,11/1/2007
11/20/2007,2.32,11/1/2007
11/21/2007,2.29,11/1/2007
11/22/2007,,11/1/2007
11/23/2007,2.28,11/1/2007
11/26/2007,2.27,11/1/2007
11/27/2007,2.27,11/1/2007
11/28/2007,2.25,11/1/2007
11/29/2007,2.26,11/1/2007
11/30/2007,2.24,11/1/2007
12/3/2007,2.2,12/1/2007
12/4/2007,2.17,12/1/2007
12/5/2007,2.13,12/1/2007
12/6/2007,2.14,12/1/2007
12/7/2007,2.14,12/1/2007
12/10/2007,2.14,12/1/2007
12/11/2007,2.1,12/1/2007
12/12/2007,2.15,12/1/2007
12/13/2007,2.19,12/1/2007
12/14/2007,2.24,12/1/2007
12/17/2007,2.25,12/1/2007
12/18/2007,2.26,12/1/2007
12/19/2007,2.25,12/1/2007
12/20/2007,2.23,12/1/2007
12/21/2007,2.26,12/1/2007
12/24/2007,2.28,12/1/2007
12/25/2007,,12/1/2007
12/26/2007,2.29,12/1/2007
12/27/2007,2.33,12/1/2007
12/28/2007,2.29,12/1/2007
12/31/2007,2.27,12/1/2007
1/1/2008,,1/1/2008
1/2/2008,2.28,1/1/2008
1/3/2008,2.28,1/1/2008
1/4/2008,2.25,1/1/2008
1/7/2008,2.22,1/1/2008
1/8/2008,2.21,1/1/2008
1/9/2008,2.16,1/1/2008
1/10/2008,2.12,1/1/2008
1/11/2008,2.15,1/1/2008
1/14/2008,2.19,1/1/2008
1/15/2008,2.16,1/1/2008
1/16/2008,2.11,1/1/2008
1/17/2008,2.06,1/1/2008
1/18/2008,2.04,1/1/2008
1/21/2008,,1/1/2008
1/22/2008,1.97,1/1/2008
1/23/2008,1.92,1/1/2008
1/24/2008,1.99,1/1/2008
1/25/2008,2.05,1/1/2008
1/28/2008,2.05,1/1/2008
1/29/2008,2.1,1/1/2008
1/30/2008,2.12,1/1/2008
1/31/2008,2.15,1/1/2008
2/1/2008,2.09,2/1/2008
2/4/2008,2.04,2/1/2008
2/5/2008,1.98,2/1/2008
2/6/2008,1.96,2/1/2008
2/7/2008,1.99,2/1/2008
2/8/2008,2.02,2/1/2008
2/11/2008,2.05,2/1/2008
2/12/2008,2.06,2/1/2008
2/13/2008,2.03,2/1/2008
2/14/2008,2.03,2/1/2008
2/15/2008,2.08,2/1/2008
2/18/2008,,2/1/2008
2/19/2008,2.15,2/1/2008
2/20/2008,2.25,2/1/2008
2/21/2008,2.17,2/1/2008
2/22/2008,2.17,2/1/2008
2/25/2008,2.27,2/1/2008
2/26/2008,2.32,2/1/2008
2/27/2008,2.32,2/1/2008
2/28/2008,2.34,2/1/2008
2/29/2008,2.3,2/1/2008
3/3/2008,2.29,3/1/2008
3/4/2008,2.33,3/1/2008
3/5/2008,2.36,3/1/2008
3/6/2008,2.37,3/1/2008
3/7/2008,2.37,3/1/2008
3/10/2008,2.36,3/1/2008
3/11/2008,2.41,3/1/2008
3/12/2008,2.37,3/1/2008
3/13/2008,2.38,3/1/2008
3/14/2008,2.25,3/1/2008
3/17/2008,2.1,3/1/2008
3/18/2008,2.21,3/1/2008
3/19/2008,2.14,3/1/2008
3/20/2008,2.14,3/1/2008
3/21/2008,,3/1/2008
3/24/2008,2.17,3/1/2008
3/25/2008,2.13,3/1/2008
3/26/2008,2.13,3/1/2008
3/27/2008,2.21,3/1/2008
3/28/2008,2.21,3/1/2008
3/31/2008,2.19,3/1/2008
4/1/2008,2.21,4/1/2008
4/2/2008,2.21,4/1/2008
4/3/2008,2.21,4/1/2008
4/4/2008,2.18,4/1/2008
4/7/2008,2.23,4/1/2008
4/8/2008,2.19,4/1/2008
4/9/2008,2.17,4/1/2008
4/10/2008,2.19,4/1/2008
4/11/2008,2.17,4/1/2008
4/14/2008,2.17,4/1/2008
4/15/2008,2.2,4/1/2008
4/16/2008,2.22,4/1/2008
4/17/2008,2.22,4/1/2008
4/18/2008,2.24,4/1/2008
4/21/2008,2.25,4/1/2008
4/22/2008,2.24,4/1/2008
4/23/2008,2.25,4/1/2008
4/24/2008,2.26,4/1/2008
4/25/2008,2.31,4/1/2008
4/28/2008,2.3,4/1/2008
4/29/2008,2.29,4/1/2008
4/30/2008,2.26,4/1/2008
5/1/2008,2.27,5/1/2008
5/2/2008,2.32,5/1/2008
5/5/2008,2.29,5/1/2008
5/6/2008,2.31,5/1/2008
5/7/2008,2.29,5/1/2008
5/8/2008,2.3,5/1/2008
5/9/2008,2.32,5/1/2008
5/12/2008,2.3,5/1/2008
5/13/2008,2.32,5/1/2008
5/14/2008,2.36,5/1/2008
5/15/2008,2.35,5/1/2008
5/16/2008,2.37,5/1/2008
5/19/2008,2.4,5/1/2008
5/20/2008,2.42,5/1/2008
5/21/2008,2.47,5/1/2008
5/22/2008,2.47,5/1/2008
5/23/2008,2.42,5/1/2008
5/26/2008,,5/1/2008
5/27/2008,2.4,5/1/2008
5/28/2008,2.39,5/1/2008
5/29/2008,2.4,5/1/2008
5/30/2008,2.4,5/1/2008
6/2/2008,2.4,6/1/2008
6/3/2008,2.36,6/1/2008
6/4/2008,2.32,6/1/2008
6/5/2008,2.37,6/1/2008
6/6/2008,2.45,6/1/2008
6/9/2008,2.48,6/1/2008
6/10/2008,2.48,6/1/2008
6/11/2008,2.51,6/1/2008
6/12/2008,2.54,6/1/2008
6/13/2008,2.56,6/1/2008
6/16/2008,2.58,6/1/2008
6/17/2008,2.55,6/1/2008
6/18/2008,2.57,6/1/2008
6/19/2008,2.55,6/1/2008
6/20/2008,2.53,6/1/2008
6/23/2008,2.56,6/1/2008
6/24/2008,2.57,6/1/2008
6/25/2008,2.57,6/1/2008
6/26/2008,2.64,6/1/2008
6/27/2008,2.62,6/1/2008
6/30/2008,2.63,6/1/2008
7/1/2008,2.66,7/1/2008
7/2/2008,2.7,7/1/2008
7/3/2008,2.72,7/1/2008
7/4/2008,,7/1/2008
7/7/2008,2.63,7/1/2008
7/8/2008,2.52,7/1/2008
7/9/2008,2.54,7/1/2008
7/10/2008,2.57,7/1/2008
7/11/2008,2.6,7/1/2008
7/14/2008,2.58,7/1/2008
7/15/2008,2.55,7/1/2008
7/16/2008,2.56,7/1/2008
7/17/2008,2.54,7/1/2008
7/18/2008,2.5,7/1/2008
7/21/2008,2.47,7/1/2008
7/22/2008,2.42,7/1/2008
7/23/2008,2.29,7/1/2008
7/24/2008,2.28,7/1/2008
7/25/2008,2.24,7/1/2008
7/28/2008,2.25,7/1/2008
7/29/2008,2.18,7/1/2008
7/30/2008,2.22,7/1/2008
7/31/2008,2.16,7/1/2008
8/1/2008,2.17,8/1/2008
8/4/2008,2.14,8/1/2008
8/5/2008,2.1,8/1/2008
8/6/2008,2.08,8/1/2008
8/7/2008,2.09,8/1/2008
8/8/2008,2.04,8/1/2008
8/11/2008,2.01,8/1/2008
8/12/2008,1.99,8/1/2008
8/13/2008,2.01,8/1/2008
8/14/2008,2.02,8/1/2008
8/15/2008,1.95,8/1/2008
8/18/2008,1.92,8/1/2008
8/19/2008,1.92,8/1/2008
8/20/2008,1.94,8/1/2008
8/21/2008,2.02,8/1/2008
8/22/2008,1.94,8/1/2008
8/25/2008,1.88,8/1/2008
8/26/2008,1.9,8/1/2008
8/27/2008,1.92,8/1/2008
8/28/2008,1.94,8/1/2008
8/29/2008,1.89,8/1/2008
9/1/2008,,9/1/2008
9/2/2008,1.72,9/1/2008
9/3/2008,1.66,9/1/2008
9/4/2008,1.59,9/1/2008
9/5/2008,1.6,9/1/2008
9/8/2008,1.62,9/1/2008
9/9/2008,1.52,9/1/2008
9/10/2008,1.52,9/1/2008
9/11/2008,1.51,9/1/2008
9/12/2008,1.5,9/1/2008
9/15/2008,1.23,9/1/2008
9/16/2008,1.03,9/1/2008
9/17/2008,1.04,9/1/2008
9/18/2008,1.02,9/1/2008
9/19/2008,1.37,9/1/2008
9/22/2008,1.44,9/1/2008
9/23/2008,1.25,9/1/2008
9/24/2008,1.09,9/1/2008
9/25/2008,1.18,9/1/2008
9/26/2008,1.15,9/1/2008
9/29/2008,0.94,9/1/2008
9/30/2008,0.97,9/1/2008
10/1/2008,0.95,10/1/2008
10/2/2008,0.93,10/1/2008
10/3/2008,0.96,10/1/2008
10/6/2008,0.75,10/1/2008
10/7/2008,0.62,10/1/2008
10/8/2008,0.43,10/1/2008
10/9/2008,0.47,10/1/2008
10/10/2008,0.2,10/1/2008
10/13/2008,,10/1/2008
10/14/2008,0.24,10/1/2008
10/15/2008,0.14,10/1/2008
10/16/2008,-0.04,10/1/2008
10/17/2008,0.04,10/1/2008
10/20/2008,0.09,10/1/2008
10/21/2008,-0.12,10/1/2008
10/22/2008,-0.24,10/1/2008
10/23/2008,-0.39,10/1/2008
10/24/2008,-0.8,10/1/2008
10/27/2008,-1.07,10/1/2008
10/28/2008,-1.04,10/1/2008
10/29/2008,-0.96,10/1/2008
10/30/2008,-0.81,10/1/2008
10/31/2008,-0.96,10/1/2008
11/3/2008,-0.95,11/1/2008
11/4/2008,-0.89,11/1/2008
11/5/2008,-0.9,11/1/2008
11/6/2008,-1.02,11/1/2008
11/7/2008,-1,11/1/2008
11/10/2008,-1.01,11/1/2008
11/11/2008,,11/1/2008
11/12/2008,-1.09,11/1/2008
11/13/2008,-1.07,11/1/2008
11/14/2008,-1.1,11/1/2008
11/17/2008,-1.12,11/1/2008
11/18/2008,-1.29,11/1/2008
11/19/2008,-1.53,11/1/2008
11/20/2008,-1.79,11/1/2008
11/21/2008,-1.94,11/1/2008
11/24/2008,-1.95,11/1/2008
11/25/2008,-2.06,11/1/2008
11/26/2008,-2.23,11/1/2008
11/27/2008,,11/1/2008
11/28/2008,-2.24,11/1/2008
12/1/2008,-0.32,12/1/2008
12/2/2008,-0.08,12/1/2008
12/3/2008,0.03,12/1/2008
12/4/2008,0.04,12/1/2008
12/5/2008,-0.12,12/1/2008
12/8/2008,-0.28,12/1/2008
12/9/2008,-0.33,12/1/2008
12/10/2008,-0.36,12/1/2008
12/11/2008,-0.35,12/1/2008
12/12/2008,-0.38,12/1/2008
12/15/2008,-0.59,12/1/2008
12/16/2008,-0.3,12/1/2008
12/17/2008,0.09,12/1/2008
12/18/2008,-0.11,12/1/2008
12/19/2008,-0.31,12/1/2008
12/22/2008,-0.37,12/1/2008
12/23/2008,-0.27,12/1/2008
12/24/2008,-0.27,12/1/2008
12/25/2008,,12/1/2008
12/26/2008,-0.28,12/1/2008
12/29/2008,-0.21,12/1/2008
12/30/2008,-0.25,12/1/2008
12/31/2008,-0.26,12/1/2008
1/1/2009,,1/1/2009
1/2/2009,-0.25,1/1/2009
1/5/2009,-0.19,1/1/2009
1/6/2009,-0.14,1/1/2009
1/7/2009,-0.09,1/1/2009
1/8/2009,-0.08,1/1/2009
1/9/2009,-0.09,1/1/2009
1/12/2009,-0.1,1/1/2009
1/13/2009,-0.03,1/1/2009
1/14/2009,-0.13,1/1/2009
1/15/2009,-0.1,1/1/2009
1/16/2009,0,1/1/2009
1/19/2009,,1/1/2009
1/20/2009,0.03,1/1/2009
1/21/2009,0.04,1/1/2009
1/22/2009,0.09,1/1/2009
1/23/2009,0.09,1/1/2009
1/26/2009,0.1,1/1/2009
1/27/2009,0.15,1/1/2009
1/28/2009,0.25,1/1/2009
1/29/2009,0.3,1/1/2009
1/30/2009,0.38,1/1/2009
2/2/2009,0.34,2/1/2009
2/3/2009,0.43,2/1/2009
2/4/2009,0.51,2/1/2009
2/5/2009,0.51,2/1/2009
2/6/2009,0.7,2/1/2009
2/9/2009,0.93,2/1/2009
2/10/2009,0.76,2/1/2009
2/11/2009,0.66,2/1/2009
2/12/2009,0.51,2/1/2009
2/13/2009,0.67,2/1/2009
2/16/2009,,2/1/2009
2/17/2009,0.45,2/1/2009
2/18/2009,0.5,2/1/2009
2/19/2009,0.62,2/1/2009
2/20/2009,0.57,2/1/2009
2/23/2009,0.6,2/1/2009
2/24/2009,0.53,2/1/2009
2/25/2009,0.6,2/1/2009
2/26/2009,0.59,2/1/2009
2/27/2009,0.58,2/1/2009
3/2/2009,0.52,3/1/2009
3/3/2009,0.42,3/1/2009
3/4/2009,0.47,3/1/2009
3/5/2009,0.42,3/1/2009
3/6/2009,0.37,3/1/2009
3/9/2009,0.38,3/1/2009
3/10/2009,0.38,3/1/2009
3/11/2009,0.39,3/1/2009
3/12/2009,0.51,3/1/2009
3/13/2009,0.5,3/1/2009
3/16/2009,0.56,3/1/2009
3/17/2009,0.59,3/1/2009
3/18/2009,0.6,3/1/2009
3/19/2009,0.66,3/1/2009
3/20/2009,0.63,3/1/2009
3/23/2009,0.64,3/1/2009
3/24/2009,0.73,3/1/2009
3/25/2009,0.82,3/1/2009
3/26/2009,0.95,3/1/2009
3/27/2009,0.9,3/1/2009
3/30/2009,0.78,3/1/2009
3/31/2009,0.73,3/1/2009
4/1/2009,0.72,4/1/2009
4/2/2009,0.74,4/1/2009
4/3/2009,0.8,4/1/2009
4/6/2009,0.88,4/1/2009
4/7/2009,0.8,4/1/2009
4/8/2009,0.78,4/1/2009
4/9/2009,0.82,4/1/2009
4/10/2009,,4/1/2009
4/13/2009,0.77,4/1/2009
4/14/2009,0.75,4/1/2009
4/15/2009,0.69,4/1/2009
4/16/2009,0.73,4/1/2009
4/17/2009,0.73,4/1/2009
4/20/2009,0.61,4/1/2009
4/21/2009,0.62,4/1/2009
4/22/2009,0.64,4/1/2009
4/23/2009,0.64,4/1/2009
4/24/2009,0.73,4/1/2009
4/27/2009,0.75,4/1/2009
4/28/2009,0.81,4/1/2009
4/29/2009,0.87,4/1/2009
4/30/2009,0.82,4/1/2009
5/1/2009,0.79,5/1/2009
5/4/2009,0.84,5/1/2009
5/5/2009,0.86,5/1/2009
5/6/2009,0.93,5/1/2009
5/7/2009,1.05,5/1/2009
5/8/2009,1.04,5/1/2009
5/11/2009,1,5/1/2009
5/12/2009,0.99,5/1/2009
5/13/2009,0.96,5/1/2009
5/14/2009,0.96,5/1/2009
5/15/2009,1,5/1/2009
5/18/2009,1.03,5/1/2009
5/19/2009,1.09,5/1/2009
5/20/2009,1.09,5/1/2009
5/21/2009,1.13,5/1/2009
5/22/2009,1.19,5/1/2009
5/25/2009,,5/1/2009
5/26/2009,1.25,5/1/2009
5/27/2009,1.37,5/1/2009
5/28/2009,1.33,5/1/2009
5/29/2009,1.36,5/1/2009
6/1/2009,1.53,6/1/2009
6/2/2009,1.59,6/1/2009
6/3/2009,1.5,6/1/2009
6/4/2009,1.55,6/1/2009
6/5/2009,1.71,6/1/2009
6/8/2009,1.71,6/1/2009
6/9/2009,1.75,6/1/2009
6/10/2009,1.85,6/1/2009
6/11/2009,1.78,6/1/2009
6/12/2009,1.67,6/1/2009
6/15/2009,1.6,6/1/2009
6/16/2009,1.53,6/1/2009
6/17/2009,1.43,6/1/2009
6/18/2009,1.53,6/1/2009
6/19/2009,1.54,6/1/2009
6/22/2009,1.44,6/1/2009
6/23/2009,1.43,6/1/2009
6/24/2009,1.34,6/1/2009
6/25/2009,1.33,6/1/2009
6/26/2009,1.21,6/1/2009
6/29/2009,1.21,6/1/2009
6/30/2009,1.34,6/1/2009
7/1/2009,1.35,7/1/2009
7/2/2009,1.27,7/1/2009
7/3/2009,,7/1/2009
7/6/2009,1.22,7/1/2009
7/7/2009,1.22,7/1/2009
7/8/2009,1.12,7/1/2009
7/9/2009,1.1,7/1/2009
7/10/2009,1.06,7/1/2009
7/13/2009,1.06,7/1/2009
7/14/2009,1.15,7/1/2009
7/15/2009,1.27,7/1/2009
7/16/2009,1.28,7/1/2009
7/17/2009,1.37,7/1/2009
7/20/2009,1.4,7/1/2009
7/21/2009,1.33,7/1/2009
7/22/2009,1.34,7/1/2009
7/23/2009,1.43,7/1/2009
7/24/2009,1.39,7/1/2009
7/27/2009,1.42,7/1/2009
7/28/2009,1.38,7/1/2009
7/29/2009,1.39,7/1/2009
7/30/2009,1.38,7/1/2009
7/31/2009,1.32,7/1/2009
8/3/2009,1.38,8/1/2009
8/4/2009,1.42,8/1/2009
8/5/2009,1.44,8/1/2009
8/6/2009,1.39,8/1/2009
8/7/2009,1.48,8/1/2009
8/10/2009,1.42,8/1/2009
8/11/2009,1.36,8/1/2009
8/12/2009,1.34,8/1/2009
8/13/2009,1.24,8/1/2009
8/14/2009,1.13,8/1/2009
8/17/2009,1.08,8/1/2009
8/18/2009,1.16,8/1/2009
8/19/2009,1.2,8/1/2009
8/20/2009,1.3,8/1/2009
8/21/2009,1.36,8/1/2009
8/24/2009,1.29,8/1/2009
8/25/2009,1.21,8/1/2009
8/26/2009,1.2,8/1/2009
8/27/2009,1.21,8/1/2009
8/28/2009,1.18,8/1/2009
8/31/2009,1.12,8/1/2009
9/1/2009,1.11,9/1/2009
9/2/2009,1.07,9/1/2009
9/3/2009,1.15,9/1/2009
9/4/2009,1.24,9/1/2009
9/7/2009,,9/1/2009
9/8/2009,1.32,9/1/2009
9/9/2009,1.36,9/1/2009
9/10/2009,1.32,9/1/2009
9/11/2009,1.36,9/1/2009
9/14/2009,1.41,9/1/2009
9/15/2009,1.45,9/1/2009
9/16/2009,1.52,9/1/2009
9/17/2009,1.46,9/1/2009
9/18/2009,1.45,9/1/2009
9/21/2009,1.39,9/1/2009
9/22/2009,1.42,9/1/2009
9/23/2009,1.4,9/1/2009
9/24/2009,1.36,9/1/2009
9/25/2009,1.36,9/1/2009
9/28/2009,1.35,9/1/2009
9/29/2009,1.34,9/1/2009
9/30/2009,1.37,9/1/2009
10/1/2009,1.33,10/1/2009
10/2/2009,1.33,10/1/2009
10/5/2009,1.32,10/1/2009
10/6/2009,1.37,10/1/2009
10/7/2009,1.35,10/1/2009
10/8/2009,1.39,10/1/2009
10/9/2009,1.46,10/1/2009
10/12/2009,,10/1/2009
10/13/2009,1.47,10/1/2009
10/14/2009,1.51,10/1/2009
10/15/2009,1.56,10/1/2009
10/16/2009,1.57,10/1/2009
10/19/2009,1.63,10/1/2009
10/20/2009,1.57,10/1/2009
10/21/2009,1.55,10/1/2009
10/22/2009,1.51,10/1/2009
10/23/2009,1.56,10/1/2009
10/26/2009,1.6,10/1/2009
10/27/2009,1.61,10/1/2009
10/28/2009,1.57,10/1/2009
10/29/2009,1.64,10/1/2009
10/30/2009,1.61,10/1/2009
11/2/2009,1.63,11/1/2009
11/3/2009,1.63,11/1/2009
11/4/2009,1.7,11/1/2009
11/5/2009,1.71,11/1/2009
11/6/2009,1.7,11/1/2009
11/9/2009,1.79,11/1/2009
11/10/2009,1.78,11/1/2009
11/11/2009,,11/1/2009
11/12/2009,1.73,11/1/2009
11/13/2009,1.73,11/1/2009
11/16/2009,1.73,11/1/2009
11/17/2009,1.74,11/1/2009
11/18/2009,1.8,11/1/2009
11/19/2009,1.78,11/1/2009
11/20/2009,1.8,11/1/2009
11/23/2009,1.82,11/1/2009
11/24/2009,1.81,11/1/2009
11/25/2009,1.81,11/1/2009
11/26/2009,,11/1/2009
11/27/2009,1.74,11/1/2009
11/30/2009,1.75,11/1/2009
12/1/2009,1.8,12/1/2009
12/2/2009,1.82,12/1/2009
12/3/2009,1.82,12/1/2009
12/4/2009,1.81,12/1/2009
12/7/2009,1.81,12/1/2009
12/8/2009,1.75,12/1/2009
12/9/2009,1.71,12/1/2009
12/10/2009,1.73,12/1/2009
12/11/2009,1.79,12/1/2009
12/14/2009,1.84,12/1/2009
12/15/2009,1.9,12/1/2009
12/16/2009,1.93,12/1/2009
12/17/2009,1.88,12/1/2009
12/18/2009,1.92,12/1/2009
12/21/2009,1.98,12/1/2009
12/22/2009,2.01,12/1/2009
12/23/2009,2.02,12/1/2009
12/24/2009,2.05,12/1/2009
12/25/2009,,12/1/2009
12/28/2009,2.08,12/1/2009
12/29/2009,2.1,12/1/2009
12/30/2009,2.11,12/1/2009
12/31/2009,2.13,12/1/2009
1/1/2010,,1/1/2010
1/4/2010,2.13,1/1/2010
1/5/2010,2.12,1/1/2010
1/6/2010,2.16,1/1/2010
1/7/2010,2.19,1/1/2010
1/8/2010,2.18,1/1/2010
1/11/2010,2.12,1/1/2010
1/12/2010,2.15,1/1/2010
1/13/2010,2.13,1/1/2010
1/14/2010,2.12,1/1/2010
1/15/2010,2.1,1/1/2010
1/18/2010,,1/1/2010
1/19/2010,2.09,1/1/2010
1/20/2010,2.09,1/1/2010
1/21/2010,1.98,1/1/2010
1/22/2010,1.95,1/1/2010
1/25/2010,1.97,1/1/2010
1/26/2010,1.97,1/1/2010
1/27/2010,1.96,1/1/2010
1/28/2010,1.94,1/1/2010
1/29/2010,1.91,1/1/2010
2/1/2010,1.99,2/1/2010
2/2/2010,2.02,2/1/2010
2/3/2010,2.05,2/1/2010
2/4/2010,1.99,2/1/2010
2/5/2010,1.89,2/1/2010
2/8/2010,1.91,2/1/2010
2/9/2010,1.94,2/1/2010
2/10/2010,1.97,2/1/2010
2/11/2010,1.96,2/1/2010
2/12/2010,1.96,2/1/2010
2/15/2010,,2/1/2010
2/16/2010,1.95,2/1/2010
2/17/2010,2.01,2/1/2010
2/18/2010,2.02,2/1/2010
2/19/2010,1.97,2/1/2010
2/22/2010,1.92,2/1/2010
2/23/2010,1.9,2/1/2010
2/24/2010,1.9,2/1/2010
2/25/2010,1.83,2/1/2010
2/26/2010,1.83,2/1/2010
3/1/2010,1.83,3/1/2010
3/2/2010,1.83,3/1/2010
3/3/2010,1.84,3/1/2010
3/4/2010,1.84,3/1/2010
3/5/2010,1.89,3/1/2010
3/8/2010,1.87,3/1/2010
3/9/2010,1.88,3/1/2010
3/10/2010,1.91,3/1/2010
3/11/2010,1.89,3/1/2010
3/12/2010,1.93,3/1/2010
3/15/2010,1.93,3/1/2010
3/16/2010,1.92,3/1/2010
3/17/2010,1.96,3/1/2010
3/18/2010,1.92,3/1/2010
3/19/2010,1.86,3/1/2010
3/22/2010,1.82,3/1/2010
3/23/2010,1.8,3/1/2010
3/24/2010,1.89,3/1/2010
3/25/2010,1.87,3/1/2010
3/26/2010,1.86,3/1/2010
3/29/2010,1.85,3/1/2010
3/30/2010,1.83,3/1/2010
3/31/2010,1.83,3/1/2010
4/1/2010,1.85,4/1/2010
4/2/2010,1.86,4/1/2010
4/5/2010,1.92,4/1/2010
4/6/2010,2.03,4/1/2010
4/7/2010,2.04,4/1/2010
4/8/2010,1.95,4/1/2010
4/9/2010,1.97,4/1/2010
4/12/2010,1.95,4/1/2010
4/13/2010,1.93,4/1/2010
4/14/2010,1.95,4/1/2010
4/15/2010,1.96,4/1/2010
4/16/2010,1.9,4/1/2010
4/19/2010,1.91,4/1/2010
4/20/2010,1.96,4/1/2010
4/21/2010,1.95,4/1/2010
4/22/2010,1.95,4/1/2010
4/23/2010,1.99,4/1/2010
4/26/2010,2,4/1/2010
4/27/2010,2,4/1/2010
4/28/2010,2,4/1/2010
4/29/2010,2.06,4/1/2010
4/30/2010,2.01,4/1/2010
5/3/2010,2,5/1/2010
5/4/2010,1.94,5/1/2010
5/5/2010,1.89,5/1/2010
5/6/2010,1.79,5/1/2010
5/7/2010,1.75,5/1/2010
5/10/2010,1.85,5/1/2010
5/11/2010,1.86,5/1/2010
5/12/2010,1.92,5/1/2010
5/13/2010,1.89,5/1/2010
5/14/2010,1.83,5/1/2010
5/17/2010,1.81,5/1/2010
5/18/2010,1.77,5/1/2010
5/19/2010,1.7,5/1/2010
5/20/2010,1.58,5/1/2010
5/21/2010,1.61,5/1/2010
5/24/2010,1.62,5/1/2010
5/25/2010,1.57,5/1/2010
5/26/2010,1.62,5/1/2010
5/27/2010,1.72,5/1/2010
5/28/2010,1.69,5/1/2010
5/31/2010,,5/1/2010
6/1/2010,1.68,6/1/2010
6/2/2010,1.71,6/1/2010
6/3/2010,1.77,6/1/2010
6/4/2010,1.66,6/1/2010
6/7/2010,1.64,6/1/2010
6/8/2010,1.62,6/1/2010
6/9/2010,1.63,6/1/2010
6/10/2010,1.68,6/1/2010
6/11/2010,1.65,6/1/2010
6/14/2010,1.69,6/1/2010
6/15/2010,1.68,6/1/2010
6/16/2010,1.67,6/1/2010
6/17/2010,1.68,6/1/2010
6/18/2010,1.69,6/1/2010
6/21/2010,1.71,6/1/2010
6/22/2010,1.68,6/1/2010
6/23/2010,1.64,6/1/2010
6/24/2010,1.6,6/1/2010
6/25/2010,1.61,6/1/2010
6/28/2010,1.57,6/1/2010
6/29/2010,1.54,6/1/2010
6/30/2010,1.54,6/1/2010
7/1/2010,1.48,7/1/2010
7/2/2010,1.48,7/1/2010
7/5/2010,,7/1/2010
7/6/2010,1.41,7/1/2010
7/7/2010,1.4,7/1/2010
7/8/2010,1.43,7/1/2010
7/9/2010,1.47,7/1/2010
7/12/2010,1.48,7/1/2010
7/13/2010,1.51,7/1/2010
7/14/2010,1.48,7/1/2010
7/15/2010,1.43,7/1/2010
7/16/2010,1.36,7/1/2010
7/19/2010,1.34,7/1/2010
7/20/2010,1.32,7/1/2010
7/21/2010,1.34,7/1/2010
7/22/2010,1.37,7/1/2010
7/23/2010,1.39,7/1/2010
7/26/2010,1.4,7/1/2010
7/27/2010,1.44,7/1/2010
7/28/2010,1.46,7/1/2010
7/29/2010,1.45,7/1/2010
7/30/2010,1.43,7/1/2010
8/2/2010,1.5,8/1/2010
8/3/2010,1.51,8/1/2010
8/4/2010,1.5,8/1/2010
8/5/2010,1.5,8/1/2010
8/6/2010,1.46,8/1/2010
8/9/2010,1.48,8/1/2010
8/10/2010,1.48,8/1/2010
8/11/2010,1.43,8/1/2010
8/12/2010,1.35,8/1/2010
8/13/2010,1.34,8/1/2010
8/16/2010,1.29,8/1/2010
8/17/2010,1.28,8/1/2010
8/18/2010,1.28,8/1/2010
8/19/2010,1.22,8/1/2010
8/20/2010,1.24,8/1/2010
8/23/2010,1.21,8/1/2010
8/24/2010,1.19,8/1/2010
8/25/2010,1.21,8/1/2010
8/26/2010,1.24,8/1/2010
8/27/2010,1.27,8/1/2010
8/30/2010,1.23,8/1/2010
8/31/2010,1.19,8/1/2010
9/1/2010,1.21,9/1/2010
9/2/2010,1.2,9/1/2010
9/3/2010,1.25,9/1/2010
9/6/2010,,9/1/2010
9/7/2010,1.24,9/1/2010
9/8/2010,1.23,9/1/2010
9/9/2010,1.29,9/1/2010
9/10/2010,1.34,9/1/2010
9/13/2010,1.34,9/1/2010
9/14/2010,1.28,9/1/2010
9/15/2010,1.29,9/1/2010
9/16/2010,1.29,9/1/2010
9/17/2010,1.25,9/1/2010
9/20/2010,1.24,9/1/2010
9/21/2010,1.29,9/1/2010
9/22/2010,1.32,9/1/2010
9/23/2010,1.29,9/1/2010
9/24/2010,1.31,9/1/2010
9/27/2010,1.29,9/1/2010
9/28/2010,1.31,9/1/2010
9/29/2010,1.3,9/1/2010
9/30/2010,1.3,9/1/2010
10/1/2010,1.33,10/1/2010
10/4/2010,1.33,10/1/2010
10/5/2010,1.4,10/1/2010
10/6/2010,1.45,10/1/2010
10/7/2010,1.41,10/1/2010
10/8/2010,1.48,10/1/2010
10/11/2010,,10/1/2010
10/12/2010,1.48,10/1/2010
10/13/2010,1.57,10/1/2010
10/14/2010,1.67,10/1/2010
10/15/2010,1.58,10/1/2010
10/18/2010,1.53,10/1/2010
10/19/2010,1.51,10/1/2010
10/20/2010,1.48,10/1/2010
10/21/2010,1.52,10/1/2010
10/22/2010,1.56,10/1/2010
10/25/2010,1.62,10/1/2010
10/26/2010,1.63,10/1/2010
10/27/2010,1.59,10/1/2010
10/28/2010,1.52,10/1/2010
10/29/2010,1.48,10/1/2010
11/1/2010,1.51,11/1/2010
11/2/2010,1.49,11/1/2010
11/3/2010,1.51,11/1/2010
11/4/2010,1.52,11/1/2010
11/5/2010,1.57,11/1/2010
11/8/2010,1.58,11/1/2010
11/9/2010,1.58,11/1/2010
11/10/2010,1.6,11/1/2010
11/11/2010,,11/1/2010
11/12/2010,1.57,11/1/2010
11/15/2010,1.57,11/1/2010
11/16/2010,1.49,11/1/2010
11/17/2010,1.53,11/1/2010
11/18/2010,1.57,11/1/2010
11/19/2010,1.59,11/1/2010
11/22/2010,1.58,11/1/2010
11/23/2010,1.54,11/1/2010
11/24/2010,1.59,11/1/2010
11/25/2010,,11/1/2010
11/26/2010,1.6,11/1/2010
11/29/2010,1.58,11/1/2010
11/30/2010,1.54,11/1/2010
12/1/2010,1.6,12/1/2010
12/2/2010,1.64,12/1/2010
12/3/2010,1.62,12/1/2010
12/6/2010,1.6,12/1/2010
12/7/2010,1.67,12/1/2010
12/8/2010,1.68,12/1/2010
12/9/2010,1.65,12/1/2010
12/10/2010,1.65,12/1/2010
12/13/2010,1.66,12/1/2010
12/14/2010,1.69,12/1/2010
12/15/2010,1.77,12/1/2010
12/16/2010,1.78,12/1/2010
12/17/2010,1.75,12/1/2010
12/20/2010,1.75,12/1/2010
12/21/2010,1.77,12/1/2010
12/22/2010,1.81,12/1/2010
12/23/2010,1.83,12/1/2010
12/24/2010,,12/1/2010
12/27/2010,1.83,12/1/2010
12/28/2010,1.84,12/1/2010
12/29/2010,1.81,12/1/2010
12/30/2010,1.82,12/1/2010
12/31/2010,1.83,12/1/2010
1/3/2011,1.82,1/1/2011
1/4/2011,1.86,1/1/2011
1/5/2011,1.94,1/1/2011
1/6/2011,1.96,1/1/2011
1/7/2011,1.91,1/1/2011
1/10/2011,1.91,1/1/2011
1/11/2011,2,1/1/2011
1/12/2011,2,1/1/2011
1/13/2011,1.95,1/1/2011
1/14/2011,1.93,1/1/2011
1/17/2011,,1/1/2011
1/18/2011,1.95,1/1/2011
1/19/2011,1.94,1/1/2011
1/20/2011,1.9,1/1/2011
1/21/2011,1.92,1/1/2011
1/24/2011,1.93,1/1/2011
1/25/2011,1.94,1/1/2011
1/26/2011,1.96,1/1/2011
1/27/2011,1.9,1/1/2011
1/28/2011,1.93,1/1/2011
1/31/2011,1.96,1/1/2011
2/1/2011,2.01,2/1/2011
2/2/2011,2.01,2/1/2011
2/3/2011,2,2/1/2011
2/4/2011,1.99,2/1/2011
2/7/2011,1.98,2/1/2011
2/8/2011,1.95,2/1/2011
2/9/2011,1.94,2/1/2011
2/10/2011,1.92,2/1/2011
2/11/2011,1.88,2/1/2011
2/14/2011,1.86,2/1/2011
2/15/2011,1.91,2/1/2011
2/16/2011,1.94,2/1/2011
2/17/2011,1.97,2/1/2011
2/18/2011,2.04,2/1/2011
2/21/2011,,2/1/2011
2/22/2011,2.09,2/1/2011
2/23/2011,2.2,2/1/2011
2/24/2011,2.2,2/1/2011
2/25/2011,2.17,2/1/2011
2/28/2011,2.15,2/1/2011
3/1/2011,2.17,3/1/2011
3/2/2011,2.25,3/1/2011
3/3/2011,2.27,3/1/2011
3/4/2011,2.24,3/1/2011
3/7/2011,2.26,3/1/2011
3/8/2011,2.31,3/1/2011
3/9/2011,2.25,3/1/2011
3/10/2011,2.22,3/1/2011
3/11/2011,2.17,3/1/2011
3/14/2011,2.15,3/1/2011
3/15/2011,2.16,3/1/2011
3/16/2011,2.09,3/1/2011
3/17/2011,2.18,3/1/2011
3/18/2011,2.18,3/1/2011
3/21/2011,2.2,3/1/2011
3/22/2011,2.19,3/1/2011
3/23/2011,2.16,3/1/2011
3/24/2011,2.22,3/1/2011
3/25/2011,2.19,3/1/2011
3/28/2011,2.18,3/1/2011
3/29/2011,2.2,3/1/2011
3/30/2011,2.19,3/1/2011
3/31/2011,2.21,3/1/2011
4/1/2011,2.25,4/1/2011
4/4/2011,2.29,4/1/2011
4/5/2011,2.32,4/1/2011
4/6/2011,2.34,4/1/2011
4/7/2011,2.33,4/1/2011
4/8/2011,2.38,4/1/2011
4/11/2011,2.38,4/1/2011
4/12/2011,2.32,4/1/2011
4/13/2011,2.3,4/1/2011
4/14/2011,2.25,4/1/2011
4/15/2011,2.23,4/1/2011
4/18/2011,2.19,4/1/2011
4/19/2011,2.24,4/1/2011
4/20/2011,2.27,4/1/2011
4/21/2011,2.29,4/1/2011
4/22/2011,,4/1/2011
4/25/2011,2.3,4/1/2011
4/26/2011,2.32,4/1/2011
4/27/2011,2.37,4/1/2011
4/28/2011,2.41,4/1/2011
4/29/2011,2.45,4/1/2011
5/2/2011,2.44,5/1/2011
5/3/2011,2.42,5/1/2011
5/4/2011,2.41,5/1/2011
5/5/2011,2.28,5/1/2011
5/6/2011,2.25,5/1/2011
5/9/2011,2.29,5/1/2011
5/10/2011,2.31,5/1/2011
5/11/2011,2.2,5/1/2011
5/12/2011,2.2,5/1/2011
5/13/2011,2.15,5/1/2011
5/16/2011,2.12,5/1/2011
5/17/2011,2.08,5/1/2011
5/18/2011,2.14,5/1/2011
5/19/2011,2.1,5/1/2011
5/20/2011,2.07,5/1/2011
5/23/2011,2.03,5/1/2011
5/24/2011,2.07,5/1/2011
5/25/2011,2.08,5/1/2011
5/26/2011,2.06,5/1/2011
5/27/2011,2.03,5/1/2011
5/30/2011,,5/1/2011
5/31/2011,2,5/1/2011
6/1/2011,1.99,6/1/2011
6/2/2011,2.02,6/1/2011
6/3/2011,2.03,6/1/2011
6/6/2011,2.03,6/1/2011
6/7/2011,2.04,6/1/2011
6/8/2011,2.01,6/1/2011
6/9/2011,2.03,6/1/2011
6/10/2011,1.99,6/1/2011
6/13/2011,1.99,6/1/2011
6/14/2011,2.04,6/1/2011
6/15/2011,1.99,6/1/2011
6/16/2011,1.95,6/1/2011
6/17/2011,1.9,6/1/2011
6/20/2011,1.89,6/1/2011
6/21/2011,1.91,6/1/2011
6/22/2011,1.9,6/1/2011
6/23/2011,1.81,6/1/2011
6/24/2011,1.79,6/1/2011
6/27/2011,1.8,6/1/2011
6/28/2011,1.88,6/1/2011
6/29/2011,2,6/1/2011
6/30/2011,2.03,6/1/2011
7/1/2011,2.05,7/1/2011
7/4/2011,,7/1/2011
7/5/2011,2.03,7/1/2011
7/6/2011,2.03,7/1/2011
7/7/2011,2.1,7/1/2011
7/8/2011,2.01,7/1/2011
7/11/2011,2.01,7/1/2011
7/12/2011,2.01,7/1/2011
7/13/2011,1.99,7/1/2011
7/14/2011,1.98,7/1/2011
7/15/2011,1.98,7/1/2011
7/18/2011,2,7/1/2011
7/19/2011,2.02,7/1/2011
7/20/2011,2.01,7/1/2011
7/21/2011,2.04,7/1/2011
7/22/2011,2.03,7/1/2011
7/25/2011,2.06,7/1/2011
7/26/2011,2.01,7/1/2011
7/27/2011,2.1,7/1/2011
7/28/2011,2.11,7/1/2011
7/29/2011,2.07,7/1/2011
8/1/2011,2.07,8/1/2011
8/2/2011,1.99,8/1/2011
8/3/2011,1.87,8/1/2011
8/4/2011,1.79,8/1/2011
8/5/2011,1.82,8/1/2011
8/8/2011,1.74,8/1/2011
8/9/2011,1.75,8/1/2011
8/10/2011,1.95,8/1/2011
8/11/2011,1.86,8/1/2011
8/12/2011,1.84,8/1/2011
8/15/2011,1.8,8/1/2011
8/16/2011,1.74,8/1/2011
8/17/2011,1.73,8/1/2011
8/18/2011,1.62,8/1/2011
8/19/2011,1.7,8/1/2011
8/22/2011,1.73,8/1/2011
8/23/2011,1.66,8/1/2011
8/24/2011,1.65,8/1/2011
8/25/2011,1.68,8/1/2011
8/26/2011,1.64,8/1/2011
8/29/2011,1.67,8/1/2011
8/30/2011,1.67,8/1/2011
8/31/2011,1.72,8/1/2011
9/1/2011,1.72,9/1/2011
9/2/2011,1.72,9/1/2011
9/5/2011,,9/1/2011
9/6/2011,1.63,9/1/2011
9/7/2011,1.67,9/1/2011
9/8/2011,1.73,9/1/2011
9/9/2011,1.65,9/1/2011
9/12/2011,1.63,9/1/2011
9/13/2011,1.61,9/1/2011
9/14/2011,1.58,9/1/2011
9/15/2011,1.73,9/1/2011
9/16/2011,1.69,9/1/2011
9/19/2011,1.61,9/1/2011
9/20/2011,1.67,9/1/2011
9/21/2011,1.66,9/1/2011
9/22/2011,1.49,9/1/2011
9/23/2011,1.48,9/1/2011
9/26/2011,1.48,9/1/2011
9/27/2011,1.57,9/1/2011
9/28/2011,1.57,9/1/2011
9/29/2011,1.54,9/1/2011
9/30/2011,1.5,9/1/2011
10/3/2011,1.48,10/1/2011
10/4/2011,1.49,10/1/2011
10/5/2011,1.5,10/1/2011
10/6/2011,1.58,10/1/2011
10/7/2011,1.63,10/1/2011
10/10/2011,,10/1/2011
10/11/2011,1.65,10/1/2011
10/12/2011,1.67,10/1/2011
10/13/2011,1.61,10/1/2011
10/14/2011,1.66,10/1/2011
10/17/2011,1.66,10/1/2011
10/18/2011,1.72,10/1/2011
10/19/2011,1.71,10/1/2011
10/20/2011,1.72,10/1/2011
10/21/2011,1.74,10/1/2011
10/24/2011,1.76,10/1/2011
10/25/2011,1.76,10/1/2011
10/26/2011,1.83,10/1/2011
10/27/2011,1.94,10/1/2011
10/28/2011,1.93,10/1/2011
10/31/2011,1.88,10/1/2011
11/1/2011,1.82,11/1/2011
11/2/2011,1.91,11/1/2011
11/3/2011,1.91,11/1/2011
11/4/2011,1.93,11/1/2011
11/7/2011,1.94,11/1/2011
11/8/2011,1.89,11/1/2011
11/9/2011,1.87,11/1/2011
11/10/2011,1.88,11/1/2011
11/11/2011,,11/1/2011
11/14/2011,1.84,11/1/2011
11/15/2011,1.76,11/1/2011
11/16/2011,1.68,11/1/2011
11/17/2011,1.59,11/1/2011
11/18/2011,1.64,11/1/2011
11/21/2011,1.59,11/1/2011
11/22/2011,1.6,11/1/2011
11/23/2011,1.61,11/1/2011
11/24/2011,,11/1/2011
11/25/2011,1.64,11/1/2011
11/28/2011,1.66,11/1/2011
11/29/2011,1.7,11/1/2011
11/30/2011,1.76,11/1/2011
12/1/2011,1.76,12/1/2011
12/2/2011,1.76,12/1/2011
12/5/2011,1.77,12/1/2011
12/6/2011,1.83,12/1/2011
12/7/2011,1.71,12/1/2011
12/8/2011,1.65,12/1/2011
12/9/2011,1.64,12/1/2011
12/12/2011,1.64,12/1/2011
12/13/2011,1.65,12/1/2011
12/14/2011,1.6,12/1/2011
12/15/2011,1.61,12/1/2011
12/16/2011,1.58,12/1/2011
12/19/2011,1.64,12/1/2011
12/20/2011,1.72,12/1/2011
12/21/2011,1.7,12/1/2011
12/22/2011,1.64,12/1/2011
12/23/2011,1.68,12/1/2011
12/26/2011,,12/1/2011
12/27/2011,1.65,12/1/2011
12/28/2011,1.63,12/1/2011
12/29/2011,1.61,12/1/2011
12/30/2011,1.59,12/1/2011
1/2/2012,,1/1/2012
1/3/2012,1.66,1/1/2012
1/4/2012,1.71,1/1/2012
1/5/2012,1.74,1/1/2012
1/6/2012,1.71,1/1/2012
1/9/2012,1.73,1/1/2012
1/10/2012,1.7,1/1/2012
1/11/2012,1.67,1/1/2012
1/12/2012,1.69,1/1/2012
1/13/2012,1.69,1/1/2012
1/16/2012,,1/1/2012
1/17/2012,1.7,1/1/2012
1/18/2012,1.73,1/1/2012
1/19/2012,1.75,1/1/2012
1/20/2012,1.76,1/1/2012
1/23/2012,1.77,1/1/2012
1/24/2012,1.81,1/1/2012
1/25/2012,1.83,1/1/2012
1/26/2012,1.86,1/1/2012
1/27/2012,1.88,1/1/2012
1/30/2012,1.87,1/1/2012
1/31/2012,1.88,1/1/2012
2/1/2012,1.89,2/1/2012
2/2/2012,1.89,2/1/2012
2/3/2012,1.88,2/1/2012
2/6/2012,1.91,2/1/2012
2/7/2012,1.95,2/1/2012
2/8/2012,1.91,2/1/2012
2/9/2012,1.91,2/1/2012
2/10/2012,1.88,2/1/2012
2/13/2012,1.97,2/1/2012
2/14/2012,1.92,2/1/2012
2/15/2012,1.9,2/1/2012
2/16/2012,1.93,2/1/2012
2/17/2012,1.93,2/1/2012
2/20/2012,,2/1/2012
2/21/2012,1.98,2/1/2012
2/22/2012,1.99,2/1/2012
2/23/2012,2.04,2/1/2012
2/24/2012,2.03,2/1/2012
2/27/2012,2.02,2/1/2012
2/28/2012,1.99,2/1/2012
2/29/2012,1.99,2/1/2012
3/1/2012,1.99,3/1/2012
3/2/2012,1.95,3/1/2012
3/5/2012,1.94,3/1/2012
3/6/2012,1.92,3/1/2012
3/7/2012,1.98,3/1/2012
3/8/2012,2.01,3/1/2012
3/9/2012,2.07,3/1/2012
3/12/2012,2.06,3/1/2012
3/13/2012,2.13,3/1/2012
3/14/2012,2.15,3/1/2012
3/15/2012,2.13,3/1/2012
3/16/2012,2.12,3/1/2012
3/19/2012,2.13,3/1/2012
3/20/2012,2.15,3/1/2012
3/21/2012,2.11,3/1/2012
3/22/2012,2.06,3/1/2012
3/23/2012,2.04,3/1/2012
3/26/2012,2.02,3/1/2012
3/27/2012,2.01,3/1/2012
3/28/2012,2.03,3/1/2012
3/29/2012,1.99,3/1/2012
3/30/2012,2.02,3/1/2012
4/2/2012,2.04,4/1/2012
4/3/2012,2.04,4/1/2012
4/4/2012,1.96,4/1/2012
4/5/2012,1.95,4/1/2012
4/6/2012,1.85,4/1/2012
4/9/2012,1.84,4/1/2012
4/10/2012,1.87,4/1/2012
4/11/2012,1.95,4/1/2012
4/12/2012,1.91,4/1/2012
4/13/2012,1.91,4/1/2012
4/16/2012,1.89,4/1/2012
4/17/2012,1.91,4/1/2012
4/18/2012,1.87,4/1/2012
4/19/2012,1.91,4/1/2012
4/20/2012,1.96,4/1/2012
4/23/2012,1.95,4/1/2012
4/24/2012,2.01,4/1/2012
4/25/2012,2.02,4/1/2012
4/26/2012,2.04,4/1/2012
4/27/2012,2.06,4/1/2012
4/30/2012,2.06,4/1/2012
5/1/2012,2.06,5/1/2012
5/2/2012,2.04,5/1/2012
5/3/2012,2.01,5/1/2012
5/4/2012,1.93,5/1/2012
5/7/2012,1.94,5/1/2012
5/8/2012,1.95,5/1/2012
5/9/2012,1.94,5/1/2012
5/10/2012,1.96,5/1/2012
5/11/2012,1.91,5/1/2012
5/14/2012,1.91,5/1/2012
5/15/2012,1.92,5/1/2012
5/16/2012,1.89,5/1/2012
5/17/2012,1.87,5/1/2012
5/18/2012,1.85,5/1/2012
5/21/2012,1.86,5/1/2012
5/22/2012,1.87,5/1/2012
5/23/2012,1.8,5/1/2012
5/24/2012,1.79,5/1/2012
5/25/2012,1.78,5/1/2012
5/28/2012,,5/1/2012
5/29/2012,1.76,5/1/2012
5/30/2012,1.71,5/1/2012
5/31/2012,1.72,5/1/2012
6/1/2012,1.65,6/1/2012
6/4/2012,1.69,6/1/2012
6/5/2012,1.71,6/1/2012
6/6/2012,1.73,6/1/2012
6/7/2012,1.77,6/1/2012
6/8/2012,1.79,6/1/2012
6/11/2012,1.79,6/1/2012
6/12/2012,1.81,6/1/2012
6/13/2012,1.8,6/1/2012
6/14/2012,1.79,6/1/2012
6/15/2012,1.86,6/1/2012
6/18/2012,1.85,6/1/2012
6/19/2012,1.87,6/1/2012
6/20/2012,1.88,6/1/2012
6/21/2012,1.77,6/1/2012
6/22/2012,1.74,6/1/2012
6/25/2012,1.7,6/1/2012
6/26/2012,1.7,6/1/2012
6/27/2012,1.68,6/1/2012
6/28/2012,1.64,6/1/2012
6/29/2012,1.72,6/1/2012
7/2/2012,1.71,7/1/2012
7/3/2012,1.77,7/1/2012
7/4/2012,,7/1/2012
7/5/2012,1.8,7/1/2012
7/6/2012,1.76,7/1/2012
7/9/2012,1.77,7/1/2012
7/10/2012,1.79,7/1/2012
7/11/2012,1.79,7/1/2012
7/12/2012,1.76,7/1/2012
7/13/2012,1.78,7/1/2012
7/16/2012,1.78,7/1/2012
7/17/2012,1.78,7/1/2012
7/18/2012,1.79,7/1/2012
7/19/2012,1.82,7/1/2012
7/20/2012,1.77,7/1/2012
7/23/2012,1.75,7/1/2012
7/24/2012,1.7,7/1/2012
7/25/2012,1.68,7/1/2012
7/26/2012,1.71,7/1/2012
7/27/2012,1.79,7/1/2012
7/30/2012,1.78,7/1/2012
7/31/2012,1.83,7/1/2012
8/1/2012,1.85,8/1/2012
8/2/2012,1.83,8/1/2012
8/3/2012,1.87,8/1/2012
8/6/2012,1.89,8/1/2012
8/7/2012,1.95,8/1/2012
8/8/2012,1.92,8/1/2012
8/9/2012,1.92,8/1/2012
8/10/2012,1.9,8/1/2012
8/13/2012,1.9,8/1/2012
8/14/2012,1.91,8/1/2012
8/15/2012,1.89,8/1/2012
8/16/2012,1.9,8/1/2012
8/17/2012,1.86,8/1/2012
8/20/2012,1.84,8/1/2012
8/21/2012,1.86,8/1/2012
8/22/2012,1.88,8/1/2012
8/23/2012,1.96,8/1/2012
8/24/2012,1.94,8/1/2012
8/27/2012,1.97,8/1/2012
8/28/2012,1.98,8/1/2012
8/29/2012,1.95,8/1/2012
8/30/2012,1.92,8/1/2012
8/31/2012,1.95,8/1/2012
9/3/2012,,9/1/2012
9/4/2012,1.97,9/1/2012
9/5/2012,1.98,9/1/2012
9/6/2012,2.01,9/1/2012
9/7/2012,2.03,9/1/2012
9/10/2012,2.08,9/1/2012
9/11/2012,2.11,9/1/2012
9/12/2012,2.12,9/1/2012
9/13/2012,2.23,9/1/2012
9/14/2012,2.39,9/1/2012
9/17/2012,2.31,9/1/2012
9/18/2012,2.23,9/1/2012
9/19/2012,2.19,9/1/2012
9/20/2012,2.21,9/1/2012
9/21/2012,2.18,9/1/2012
9/24/2012,2.15,9/1/2012
9/25/2012,2.15,9/1/2012
9/26/2012,2.09,9/1/2012
9/27/2012,2.11,9/1/2012
9/28/2012,2.11,9/1/2012
10/1/2012,2.11,10/1/2012
10/2/2012,2.12,10/1/2012
10/3/2012,2.18,10/1/2012
10/4/2012,2.25,10/1/2012
10/5/2012,2.28,10/1/2012
10/8/2012,,10/1/2012
10/9/2012,2.27,10/1/2012
10/10/2012,2.23,10/1/2012
10/11/2012,2.19,10/1/2012
10/12/2012,2.15,10/1/2012
10/15/2012,2.19,10/1/2012
10/16/2012,2.18,10/1/2012
10/17/2012,2.22,10/1/2012
10/18/2012,2.22,10/1/2012
10/19/2012,2.19,10/1/2012
10/22/2012,2.18,10/1/2012
10/23/2012,2.15,10/1/2012
10/24/2012,2.13,10/1/2012
10/25/2012,2.13,10/1/2012
10/26/2012,2.08,10/1/2012
10/29/2012,2.09,10/1/2012
10/30/2012,,10/1/2012
10/31/2012,2.12,10/1/2012
11/1/2012,2.13,11/1/2012
11/2/2012,2.12,11/1/2012
11/5/2012,2.07,11/1/2012
11/6/2012,2.12,11/1/2012
11/7/2012,2.08,11/1/2012
11/8/2012,2.07,11/1/2012
11/9/2012,2.05,11/1/2012
11/12/2012,,11/1/2012
11/13/2012,2.04,11/1/2012
11/14/2012,2.02,11/1/2012
11/15/2012,2,11/1/2012
11/16/2012,2.01,11/1/2012
11/19/2012,2.03,11/1/2012
11/20/2012,2.05,11/1/2012
11/21/2012,2.05,11/1/2012
11/22/2012,,11/1/2012
11/23/2012,2.06,11/1/2012
11/26/2012,2.04,11/1/2012
11/27/2012,2.02,11/1/2012
11/28/2012,1.99,11/1/2012
11/29/2012,2,11/1/2012
11/30/2012,2.01,11/1/2012
12/3/2012,2.04,12/1/2012
12/4/2012,2.04,12/1/2012
12/5/2012,2.06,12/1/2012
12/6/2012,2.06,12/1/2012
12/7/2012,2.1,12/1/2012
12/10/2012,2.05,12/1/2012
12/11/2012,2.07,12/1/2012
12/12/2012,2.12,12/1/2012
12/13/2012,2.12,12/1/2012
12/14/2012,2.11,12/1/2012
12/17/2012,2.11,12/1/2012
12/18/2012,2.14,12/1/2012
12/19/2012,2.13,12/1/2012
12/20/2012,2.16,12/1/2012
12/21/2012,2.1,12/1/2012
12/24/2012,2.13,12/1/2012
12/25/2012,,12/1/2012
12/26/2012,2.11,12/1/2012
12/27/2012,2.11,12/1/2012
12/28/2012,2.06,12/1/2012
12/31/2012,2.09,12/1/2012
1/1/2013,,1/1/2013
1/2/2013,2.12,1/1/2013
1/3/2013,2.11,1/1/2013
1/4/2013,2.13,1/1/2013
1/7/2013,2.16,1/1/2013
1/8/2013,2.15,1/1/2013
1/9/2013,2.18,1/1/2013
1/10/2013,2.2,1/1/2013
1/11/2013,2.18,1/1/2013
1/14/2013,2.12,1/1/2013
1/15/2013,2.2,1/1/2013
1/16/2013,2.18,1/1/2013
1/17/2013,2.19,1/1/2013
1/18/2013,2.2,1/1/2013
1/21/2013,,1/1/2013
1/22/2013,2.15,1/1/2013
1/23/2013,2.21,1/1/2013
1/24/2013,2.22,1/1/2013
1/25/2013,2.21,1/1/2013
1/28/2013,2.24,1/1/2013
1/29/2013,2.27,1/1/2013
1/30/2013,2.26,1/1/2013
1/31/2013,2.33,1/1/2013
2/1/2013,2.34,2/1/2013
2/4/2013,2.32,2/1/2013
2/5/2013,2.32,2/1/2013
2/6/2013,2.32,2/1/2013
2/7/2013,2.29,2/1/2013
2/8/2013,2.21,2/1/2013
2/11/2013,2.26,2/1/2013
2/12/2013,2.2,2/1/2013
2/13/2013,2.26,2/1/2013
2/14/2013,2.22,2/1/2013
2/15/2013,2.19,2/1/2013
2/18/2013,,2/1/2013
2/19/2013,2.2,2/1/2013
2/20/2013,2.19,2/1/2013
2/21/2013,2.19,2/1/2013
2/22/2013,2.2,2/1/2013
2/25/2013,2.19,2/1/2013
2/26/2013,2.18,2/1/2013
2/27/2013,2.18,2/1/2013
2/28/2013,2.18,2/1/2013
3/1/2013,2.2,3/1/2013
3/4/2013,2.22,3/1/2013
3/5/2013,2.26,3/1/2013
3/6/2013,2.27,3/1/2013
3/7/2013,2.22,3/1/2013
3/8/2013,2.18,3/1/2013
3/11/2013,2.28,3/1/2013
3/12/2013,2.27,3/1/2013
3/13/2013,2.29,3/1/2013
3/14/2013,2.31,3/1/2013
3/15/2013,2.3,3/1/2013
3/18/2013,2.26,3/1/2013
3/19/2013,2.25,3/1/2013
3/20/2013,2.25,3/1/2013
3/21/2013,2.22,3/1/2013
3/22/2013,2.23,3/1/2013
3/25/2013,2.24,3/1/2013
3/26/2013,2.21,3/1/2013
3/27/2013,2.22,3/1/2013
3/28/2013,2.24,3/1/2013
3/29/2013,,3/1/2013
4/1/2013,2.23,4/1/2013
4/2/2013,2.22,4/1/2013
4/3/2013,2.18,4/1/2013
4/4/2013,2.13,4/1/2013
4/5/2013,2.1,4/1/2013
4/8/2013,2.14,4/1/2013
4/9/2013,2.06,4/1/2013
4/10/2013,2.1,4/1/2013
4/11/2013,2.12,4/1/2013
4/12/2013,2.11,4/1/2013
4/15/2013,2.02,4/1/2013
4/16/2013,2.02,4/1/2013
4/17/2013,1.98,4/1/2013
4/18/2013,2,4/1/2013
4/19/2013,2.04,4/1/2013
4/22/2013,2.04,4/1/2013
4/23/2013,2.04,4/1/2013
4/24/2013,2.07,4/1/2013
4/25/2013,2.12,4/1/2013
4/26/2013,2.11,4/1/2013
4/29/2013,2.1,4/1/2013
4/30/2013,2.06,4/1/2013
5/1/2013,1.98,5/1/2013
5/2/2013,1.99,5/1/2013
5/3/2013,2.03,5/1/2013
5/6/2013,2.05,5/1/2013
5/7/2013,2.05,5/1/2013
5/8/2013,2.03,5/1/2013
5/9/2013,2.02,5/1/2013
5/10/2013,2.05,5/1/2013
5/13/2013,2.02,5/1/2013
5/14/2013,2.03,5/1/2013
5/15/2013,2.01,5/1/2013
5/16/2013,1.97,5/1/2013
5/17/2013,1.98,5/1/2013
5/20/2013,2,5/1/2013
5/21/2013,1.99,5/1/2013
5/22/2013,1.97,5/1/2013
5/23/2013,1.93,5/1/2013
5/24/2013,1.93,5/1/2013
5/27/2013,,5/1/2013
5/28/2013,1.96,5/1/2013
5/29/2013,1.91,5/1/2013
5/30/2013,1.83,5/1/2013
5/31/2013,1.87,5/1/2013
6/3/2013,1.89,6/1/2013
6/4/2013,1.92,6/1/2013
6/5/2013,1.88,6/1/2013
6/6/2013,1.87,6/1/2013
6/7/2013,1.89,6/1/2013
6/10/2013,1.85,6/1/2013
6/11/2013,1.83,6/1/2013
6/12/2013,1.81,6/1/2013
6/13/2013,1.8,6/1/2013
6/14/2013,1.82,6/1/2013
6/17/2013,1.8,6/1/2013
6/18/2013,1.84,6/1/2013
6/19/2013,1.83,6/1/2013
6/20/2013,1.74,6/1/2013
6/21/2013,1.66,6/1/2013
6/24/2013,1.62,6/1/2013
6/25/2013,1.65,6/1/2013
6/26/2013,1.67,6/1/2013
6/27/2013,1.73,6/1/2013
6/28/2013,1.76,6/1/2013
7/1/2013,1.8,7/1/2013
7/2/2013,1.82,7/1/2013
7/3/2013,1.83,7/1/2013
7/4/2013,,7/1/2013
7/5/2013,1.87,7/1/2013
7/8/2013,1.87,7/1/2013
7/9/2013,1.86,7/1/2013
7/10/2013,1.87,7/1/2013
7/11/2013,1.82,7/1/2013
7/12/2013,1.84,7/1/2013
7/15/2013,1.86,7/1/2013
7/16/2013,1.89,7/1/2013
7/17/2013,1.9,7/1/2013
7/18/2013,1.89,7/1/2013
7/19/2013,1.91,7/1/2013
7/22/2013,1.91,7/1/2013
7/23/2013,1.9,7/1/2013
7/24/2013,1.87,7/1/2013
7/25/2013,1.83,7/1/2013
7/26/2013,1.83,7/1/2013
7/29/2013,1.81,7/1/2013
7/30/2013,1.82,7/1/2013
7/31/2013,1.87,7/1/2013
8/1/2013,1.94,8/1/2013
8/2/2013,1.91,8/1/2013
8/5/2013,1.92,8/1/2013
8/6/2013,1.94,8/1/2013
8/7/2013,1.93,8/1/2013
8/8/2013,1.9,8/1/2013
8/9/2013,1.91,8/1/2013
8/12/2013,1.91,8/1/2013
8/13/2013,1.92,8/1/2013
8/14/2013,1.86,8/1/2013
8/15/2013,1.83,8/1/2013
8/16/2013,1.79,8/1/2013
8/19/2013,1.76,8/1/2013
8/20/2013,1.78,8/1/2013
8/21/2013,1.77,8/1/2013
8/22/2013,1.77,8/1/2013
8/23/2013,1.82,8/1/2013
8/26/2013,1.82,8/1/2013
8/27/2013,1.86,8/1/2013
8/28/2013,1.85,8/1/2013
8/29/2013,1.8,8/1/2013
8/30/2013,1.78,8/1/2013
9/2/2013,,9/1/2013
9/3/2013,1.76,9/1/2013
9/4/2013,1.74,9/1/2013
9/5/2013,1.71,9/1/2013
9/6/2013,1.71,9/1/2013
9/9/2013,1.69,9/1/2013
9/10/2013,1.74,9/1/2013
9/11/2013,1.76,9/1/2013
9/12/2013,1.75,9/1/2013
9/13/2013,1.75,9/1/2013
9/16/2013,1.76,9/1/2013
9/17/2013,1.79,9/1/2013
9/18/2013,1.84,9/1/2013
9/19/2013,1.83,9/1/2013
9/20/2013,1.85,9/1/2013
9/23/2013,1.84,9/1/2013
9/24/2013,1.77,9/1/2013
9/25/2013,1.79,9/1/2013
9/26/2013,1.77,9/1/2013
9/27/2013,1.76,9/1/2013
9/30/2013,1.74,9/1/2013
10/1/2013,1.77,10/1/2013
10/2/2013,1.8,10/1/2013
10/3/2013,1.77,10/1/2013
10/4/2013,1.79,10/1/2013
10/7/2013,1.79,10/1/2013
10/8/2013,1.76,10/1/2013
10/9/2013,1.78,10/1/2013
10/10/2013,1.81,10/1/2013
10/11/2013,1.79,10/1/2013
10/14/2013,,10/1/2013
10/15/2013,1.79,10/1/2013
10/16/2013,1.79,10/1/2013
10/17/2013,1.77,10/1/2013
10/18/2013,1.78,10/1/2013
10/21/2013,1.79,10/1/2013
10/22/2013,1.76,10/1/2013
10/23/2013,1.76,10/1/2013
10/24/2013,1.77,10/1/2013
10/25/2013,1.77,10/1/2013
10/28/2013,1.79,10/1/2013
10/29/2013,1.76,10/1/2013
10/30/2013,1.77,10/1/2013
10/31/2013,1.74,10/1/2013
11/1/2013,1.7,11/1/2013
11/4/2013,1.71,11/1/2013
11/5/2013,1.72,11/1/2013
11/6/2013,1.77,11/1/2013
11/7/2013,1.76,11/1/2013
11/8/2013,1.77,11/1/2013
11/11/2013,,11/1/2013
11/12/2013,1.79,11/1/2013
11/13/2013,1.79,11/1/2013
11/14/2013,1.8,11/1/2013
11/15/2013,1.8,11/1/2013
11/18/2013,1.8,11/1/2013
11/19/2013,1.77,11/1/2013
11/20/2013,1.75,11/1/2013
11/21/2013,1.76,11/1/2013
11/22/2013,1.76,11/1/2013
11/25/2013,1.75,11/1/2013
11/26/2013,1.71,11/1/2013
11/27/2013,1.71,11/1/2013
11/28/2013,,11/1/2013
11/29/2013,1.69,11/1/2013
12/2/2013,1.7,12/1/2013
12/3/2013,1.69,12/1/2013
12/4/2013,1.64,12/1/2013
12/5/2013,1.66,12/1/2013
12/6/2013,1.65,12/1/2013
12/9/2013,1.63,12/1/2013
12/10/2013,1.64,12/1/2013
12/11/2013,1.65,12/1/2013
12/12/2013,1.65,12/1/2013
12/13/2013,1.66,12/1/2013
12/16/2013,1.68,12/1/2013
12/17/2013,1.69,12/1/2013
12/18/2013,1.67,12/1/2013
12/19/2013,1.75,12/1/2013
12/20/2013,1.64,12/1/2013
12/23/2013,1.67,12/1/2013
12/24/2013,1.68,12/1/2013
12/25/2013,,12/1/2013
12/26/2013,1.7,12/1/2013
12/27/2013,1.68,12/1/2013
12/30/2013,1.64,12/1/2013
12/31/2013,1.69,12/1/2013
1/1/2014,,1/1/2014
1/2/2014,1.71,1/1/2014
1/3/2014,1.69,1/1/2014
1/6/2014,1.75,1/1/2014
1/7/2014,1.83,1/1/2014
1/8/2014,1.76,1/1/2014
1/9/2014,1.83,1/1/2014
1/10/2014,1.75,1/1/2014
1/13/2014,1.71,1/1/2014
1/14/2014,1.76,1/1/2014
1/15/2014,1.72,1/1/2014
1/16/2014,1.74,1/1/2014
1/17/2014,1.72,1/1/2014
1/20/2014,,1/1/2014
1/21/2014,1.71,1/1/2014
1/22/2014,1.79,1/1/2014
1/23/2014,1.72,1/1/2014
1/24/2014,1.68,1/1/2014
1/27/2014,1.72,1/1/2014
1/28/2014,1.71,1/1/2014
1/29/2014,1.72,1/1/2014
1/30/2014,1.76,1/1/2014
1/31/2014,1.72,1/1/2014
2/3/2014,1.7,2/1/2014
2/4/2014,1.77,2/1/2014
2/5/2014,1.78,2/1/2014
2/6/2014,1.82,2/1/2014
2/7/2014,1.77,2/1/2014
2/10/2014,1.79,2/1/2014
2/11/2014,1.8,2/1/2014
2/12/2014,1.83,2/1/2014
2/13/2014,1.77,2/1/2014
2/14/2014,1.67,2/1/2014
2/17/2014,,2/1/2014
2/18/2014,1.79,2/1/2014
2/19/2014,1.78,2/1/2014
2/20/2014,1.78,2/1/2014
2/21/2014,1.74,2/1/2014
2/24/2014,1.78,2/1/2014
2/25/2014,1.78,2/1/2014
2/26/2014,1.76,2/1/2014
2/27/2014,1.81,2/1/2014
2/28/2014,1.79,2/1/2014
3/3/2014,1.78,3/1/2014
3/4/2014,1.79,3/1/2014
3/5/2014,1.8,3/1/2014
3/6/2014,1.84,3/1/2014
3/7/2014,1.83,3/1/2014
3/10/2014,1.88,3/1/2014
3/11/2014,1.86,3/1/2014
3/12/2014,1.82,3/1/2014
3/13/2014,1.75,3/1/2014
3/14/2014,1.74,3/1/2014
3/17/2014,1.8,3/1/2014
3/18/2014,1.77,3/1/2014
3/19/2014,1.73,3/1/2014
3/20/2014,1.75,3/1/2014
3/21/2014,1.79,3/1/2014
3/24/2014,1.79,3/1/2014
3/25/2014,1.7,3/1/2014
3/26/2014,1.75,3/1/2014
3/27/2014,1.73,3/1/2014
3/28/2014,1.72,3/1/2014
3/31/2014,1.7,3/1/2014
4/1/2014,1.71,4/1/2014
4/2/2014,1.72,4/1/2014
4/3/2014,1.68,4/1/2014
4/4/2014,1.71,4/1/2014
4/7/2014,1.61,4/1/2014
4/8/2014,1.71,4/1/2014
4/9/2014,1.7,4/1/2014
4/10/2014,1.69,4/1/2014
4/11/2014,1.64,4/1/2014
4/14/2014,1.71,4/1/2014
4/15/2014,1.68,4/1/2014
4/16/2014,1.73,4/1/2014
4/17/2014,1.95,4/1/2014
4/18/2014,,4/1/2014
4/21/2014,1.97,4/1/2014
4/22/2014,1.98,4/1/2014
4/23/2014,1.98,4/1/2014
4/24/2014,1.99,4/1/2014
4/25/2014,1.96,4/1/2014
4/28/2014,1.95,4/1/2014
4/29/2014,1.95,4/1/2014
4/30/2014,1.96,4/1/2014
5/1/2014,1.96,5/1/2014
5/2/2014,1.95,5/1/2014
5/5/2014,1.92,5/1/2014
5/6/2014,1.91,5/1/2014
5/7/2014,1.92,5/1/2014
5/8/2014,1.93,5/1/2014
5/9/2014,1.92,5/1/2014
5/12/2014,1.91,5/1/2014
5/13/2014,1.89,5/1/2014
5/14/2014,1.92,5/1/2014
5/15/2014,1.96,5/1/2014
5/16/2014,1.94,5/1/2014
5/19/2014,1.93,5/1/2014
5/20/2014,1.92,5/1/2014
5/21/2014,1.95,5/1/2014
5/22/2014,1.97,5/1/2014
5/23/2014,1.97,5/1/2014
5/26/2014,,5/1/2014
5/27/2014,1.95,5/1/2014
5/28/2014,1.94,5/1/2014
5/29/2014,1.96,5/1/2014
5/30/2014,1.93,5/1/2014
6/2/2014,1.93,6/1/2014
6/3/2014,1.92,6/1/2014
6/4/2014,1.9,6/1/2014
6/5/2014,1.92,6/1/2014
6/6/2014,1.93,6/1/2014
6/9/2014,1.95,6/1/2014
6/10/2014,1.94,6/1/2014
6/11/2014,1.94,6/1/2014
6/12/2014,1.95,6/1/2014
6/13/2014,1.93,6/1/2014
6/16/2014,1.92,6/1/2014
6/17/2014,1.97,6/1/2014
6/18/2014,1.98,6/1/2014
6/19/2014,2.02,6/1/2014
6/20/2014,2.02,6/1/2014
6/23/2014,2.03,6/1/2014
6/24/2014,2.05,6/1/2014
6/25/2014,2.03,6/1/2014
6/26/2014,2.02,6/1/2014
6/27/2014,2.03,6/1/2014
6/30/2014,2,6/1/2014
7/1/2014,2,7/1/2014
7/2/2014,2.01,7/1/2014
7/3/2014,2.03,7/1/2014
7/4/2014,,7/1/2014
7/7/2014,2.01,7/1/2014
7/8/2014,1.99,7/1/2014
7/9/2014,1.98,7/1/2014
7/10/2014,2,7/1/2014
7/11/2014,1.99,7/1/2014
7/14/2014,1.99,7/1/2014
7/15/2014,1.96,7/1/2014
7/16/2014,1.95,7/1/2014
7/17/2014,1.97,7/1/2014
7/18/2014,1.96,7/1/2014
7/21/2014,1.97,7/1/2014
7/22/2014,1.93,7/1/2014
7/23/2014,1.92,7/1/2014
7/24/2014,1.93,7/1/2014
7/25/2014,1.95,7/1/2014
7/28/2014,1.95,7/1/2014
7/29/2014,1.94,7/1/2014
7/30/2014,1.96,7/1/2014
7/31/2014,1.97,7/1/2014
8/1/2014,1.92,8/1/2014
8/4/2014,1.9,8/1/2014
8/5/2014,1.9,8/1/2014
8/6/2014,1.9,8/1/2014
8/7/2014,1.89,8/1/2014
8/8/2014,1.86,8/1/2014
8/11/2014,1.86,8/1/2014
8/12/2014,1.87,8/1/2014
8/13/2014,1.88,8/1/2014
8/14/2014,1.84,8/1/2014
8/15/2014,1.83,8/1/2014
8/18/2014,1.85,8/1/2014
8/19/2014,1.81,8/1/2014
8/20/2014,1.83,8/1/2014
8/21/2014,1.8,8/1/2014
8/22/2014,1.79,8/1/2014
8/25/2014,1.78,8/1/2014
8/26/2014,1.83,8/1/2014
8/27/2014,1.8,8/1/2014
8/28/2014,1.77,8/1/2014
8/29/2014,1.76,8/1/2014
9/1/2014,,9/1/2014
9/2/2014,1.76,9/1/2014
9/3/2014,1.77,9/1/2014
9/4/2014,1.76,9/1/2014
9/5/2014,1.77,9/1/2014
9/8/2014,1.74,9/1/2014
9/9/2014,1.71,9/1/2014
9/10/2014,1.69,9/1/2014
9/11/2014,1.76,9/1/2014
9/12/2014,1.75,9/1/2014
9/15/2014,1.73,9/1/2014
9/16/2014,1.75,9/1/2014
9/17/2014,1.63,9/1/2014
9/18/2014,1.56,9/1/2014
9/19/2014,1.56,9/1/2014
9/22/2014,1.6,9/1/2014
9/23/2014,1.63,9/1/2014
9/24/2014,1.66,9/1/2014
9/25/2014,1.62,9/1/2014
9/26/2014,1.59,9/1/2014
9/29/2014,1.61,9/1/2014
9/30/2014,1.56,9/1/2014
10/1/2014,1.6,10/1/2014
10/2/2014,1.57,10/1/2014
10/3/2014,1.56,10/1/2014
10/6/2014,1.55,10/1/2014
10/7/2014,1.52,10/1/2014
10/8/2014,1.54,10/1/2014
10/9/2014,1.52,10/1/2014
10/10/2014,1.52,10/1/2014
10/13/2014,,10/1/2014
10/14/2014,1.41,10/1/2014
10/15/2014,1.37,10/1/2014
10/16/2014,1.37,10/1/2014
10/17/2014,1.43,10/1/2014
10/20/2014,1.45,10/1/2014
10/21/2014,1.42,10/1/2014
10/22/2014,1.47,10/1/2014
10/23/2014,1.43,10/1/2014
10/24/2014,1.46,10/1/2014
10/27/2014,1.44,10/1/2014
10/28/2014,1.47,10/1/2014
10/29/2014,1.47,10/1/2014
10/30/2014,1.49,10/1/2014
10/31/2014,1.53,10/1/2014
11/3/2014,1.55,11/1/2014
11/4/2014,1.49,11/1/2014
11/5/2014,1.54,11/1/2014
11/6/2014,1.58,11/1/2014
11/7/2014,1.59,11/1/2014
11/10/2014,1.58,11/1/2014
11/11/2014,,11/1/2014
11/12/2014,1.53,11/1/2014
11/13/2014,1.48,11/1/2014
11/14/2014,1.45,11/1/2014
11/17/2014,1.42,11/1/2014
11/18/2014,1.42,11/1/2014
11/19/2014,1.39,11/1/2014
11/20/2014,1.41,11/1/2014
11/21/2014,1.44,11/1/2014
11/24/2014,1.43,11/1/2014
11/25/2014,1.47,11/1/2014
11/26/2014,1.44,11/1/2014
11/27/2014,,11/1/2014
11/28/2014,1.39,11/1/2014
12/1/2014,1.39,12/1/2014
12/2/2014,1.36,12/1/2014
12/3/2014,1.38,12/1/2014
12/4/2014,1.36,12/1/2014
12/5/2014,1.35,12/1/2014
12/8/2014,1.24,12/1/2014
12/9/2014,1.34,12/1/2014
12/10/2014,1.27,12/1/2014
12/11/2014,1.27,12/1/2014
12/12/2014,1.2,12/1/2014
12/15/2014,1.17,12/1/2014
12/16/2014,1.21,12/1/2014
12/17/2014,1.22,12/1/2014
12/18/2014,1.2,12/1/2014
12/19/2014,1.27,12/1/2014
12/22/2014,1.29,12/1/2014
12/23/2014,1.3,12/1/2014
12/24/2014,1.26,12/1/2014
12/25/2014,,12/1/2014
12/26/2014,1.26,12/1/2014
12/29/2014,1.22,12/1/2014
12/30/2014,1.21,12/1/2014
12/31/2014,1.27,12/1/2014
1/1/2015,,1/1/2015
1/2/2015,1.3,1/1/2015
1/5/2015,1.25,1/1/2015
1/6/2015,1.16,1/1/2015
1/7/2015,1.16,1/1/2015
1/8/2015,1.21,1/1/2015
1/9/2015,1.2,1/1/2015
1/12/2015,1.16,1/1/2015
1/13/2015,1.05,1/1/2015
1/14/2015,1.18,1/1/2015
1/15/2015,1.18,1/1/2015
1/16/2015,1.19,1/1/2015
1/19/2015,,1/1/2015
1/20/2015,1.19,1/1/2015
1/21/2015,1.17,1/1/2015
1/22/2015,1.19,1/1/2015
1/23/2015,1.21,1/1/2015
1/26/2015,1.24,1/1/2015
1/27/2015,1.29,1/1/2015
1/28/2015,1.24,1/1/2015
1/29/2015,1.31,1/1/2015
1/30/2015,1.29,1/1/2015
2/2/2015,1.32,2/1/2015
2/3/2015,1.4,2/1/2015
2/4/2015,1.35,2/1/2015
2/5/2015,1.38,2/1/2015
2/6/2015,1.36,2/1/2015
2/9/2015,1.36,2/1/2015
2/10/2015,1.32,2/1/2015
2/11/2015,1.32,2/1/2015
2/12/2015,1.37,2/1/2015
2/13/2015,1.32,2/1/2015
2/16/2015,,2/1/2015
2/17/2015,1.33,2/1/2015
2/18/2015,1.32,2/1/2015
2/19/2015,1.35,2/1/2015
2/20/2015,1.37,2/1/2015
2/23/2015,1.34,2/1/2015
2/24/2015,1.33,2/1/2015
2/25/2015,1.36,2/1/2015
2/26/2015,1.49,2/1/2015
2/27/2015,1.49,2/1/2015
3/2/2015,1.54,3/1/2015
3/3/2015,1.57,3/1/2015
3/4/2015,1.61,3/1/2015
3/5/2015,1.53,3/1/2015
3/6/2015,1.55,3/1/2015
3/9/2015,1.47,3/1/2015
3/10/2015,1.36,3/1/2015
3/11/2015,1.45,3/1/2015
3/12/2015,1.41,3/1/2015
3/13/2015,1.4,3/1/2015
3/16/2015,1.27,3/1/2015
3/17/2015,1.34,3/1/2015
3/18/2015,1.33,3/1/2015
3/19/2015,1.49,3/1/2015
3/20/2015,1.5,3/1/2015
3/23/2015,1.48,3/1/2015
3/24/2015,1.53,3/1/2015
3/25/2015,1.56,3/1/2015
3/26/2015,1.57,3/1/2015
3/27/2015,1.54,3/1/2015
3/30/2015,1.49,3/1/2015
3/31/2015,1.51,3/1/2015
4/1/2015,1.58,4/1/2015
4/2/2015,1.56,4/1/2015
4/3/2015,1.58,4/1/2015
4/6/2015,1.6,4/1/2015
4/7/2015,1.6,4/1/2015
4/8/2015,1.58,4/1/2015
4/9/2015,1.59,4/1/2015
4/10/2015,1.56,4/1/2015
4/13/2015,1.55,4/1/2015
4/14/2015,1.55,4/1/2015
4/15/2015,1.59,4/1/2015
4/16/2015,1.58,4/1/2015
4/17/2015,1.65,4/1/2015
4/20/2015,1.6,4/1/2015
4/21/2015,1.59,4/1/2015
4/22/2015,1.6,4/1/2015
4/23/2015,1.7,4/1/2015
4/24/2015,1.71,4/1/2015
4/27/2015,1.71,4/1/2015
4/28/2015,1.69,4/1/2015
4/29/2015,1.7,4/1/2015
4/30/2015,1.72,4/1/2015
5/1/2015,1.72,5/1/2015
5/4/2015,1.69,5/1/2015
5/5/2015,1.72,5/1/2015
5/6/2015,1.69,5/1/2015
5/7/2015,1.66,5/1/2015
5/8/2015,1.66,5/1/2015
5/11/2015,1.64,5/1/2015
5/12/2015,1.65,5/1/2015
5/13/2015,1.67,5/1/2015
5/14/2015,1.65,5/1/2015
5/15/2015,1.62,5/1/2015
5/18/2015,1.64,5/1/2015
5/19/2015,1.62,5/1/2015
5/20/2015,1.65,5/1/2015
5/21/2015,1.63,5/1/2015
5/22/2015,1.65,5/1/2015
5/25/2015,,5/1/2015
5/26/2015,1.59,5/1/2015
5/27/2015,1.54,5/1/2015
5/28/2015,1.53,5/1/2015
5/29/2015,1.57,5/1/2015
6/1/2015,1.55,6/1/2015
6/2/2015,1.59,6/1/2015
6/3/2015,1.59,6/1/2015
6/4/2015,1.59,6/1/2015
6/5/2015,1.64,6/1/2015
6/8/2015,1.63,6/1/2015
6/9/2015,1.65,6/1/2015
6/10/2015,1.66,6/1/2015
6/11/2015,1.63,6/1/2015
6/12/2015,1.64,6/1/2015
6/15/2015,1.64,6/1/2015
6/16/2015,1.67,6/1/2015
6/17/2015,1.69,6/1/2015
6/18/2015,1.67,6/1/2015
6/19/2015,1.63,6/1/2015
6/22/2015,1.65,6/1/2015
6/23/2015,1.67,6/1/2015
6/24/2015,1.64,6/1/2015
6/25/2015,1.63,6/1/2015
6/26/2015,1.66,6/1/2015
6/29/2015,1.59,6/1/2015
6/30/2015,1.61,6/1/2015
7/1/2015,1.6,7/1/2015
7/2/2015,1.62,7/1/2015
7/3/2015,,7/1/2015
7/6/2015,1.57,7/1/2015
7/7/2015,1.57,7/1/2015
7/8/2015,1.54,7/1/2015
7/9/2015,1.56,7/1/2015
7/10/2015,1.58,7/1/2015
7/13/2015,1.56,7/1/2015
7/14/2015,1.55,7/1/2015
7/15/2015,1.53,7/1/2015
7/16/2015,1.52,7/1/2015
7/17/2015,1.5,7/1/2015
7/20/2015,1.49,7/1/2015
7/21/2015,1.49,7/1/2015
7/22/2015,1.48,7/1/2015
7/23/2015,1.45,7/1/2015
7/24/2015,1.4,7/1/2015
7/27/2015,1.35,7/1/2015
7/28/2015,1.38,7/1/2015
7/29/2015,1.4,7/1/2015
7/30/2015,1.4,7/1/2015
7/31/2015,1.36,7/1/2015
8/3/2015,1.31,8/1/2015
8/4/2015,1.31,8/1/2015
8/5/2015,1.31,8/1/2015
8/6/2015,1.31,8/1/2015
8/7/2015,1.28,8/1/2015
8/10/2015,1.3,8/1/2015
8/11/2015,1.27,8/1/2015
8/12/2015,1.27,8/1/2015
8/13/2015,1.24,8/1/2015
8/14/2015,1.25,8/1/2015
8/17/2015,1.22,8/1/2015
8/18/2015,1.21,8/1/2015
8/19/2015,1.17,8/1/2015
8/20/2015,1.17,8/1/2015
8/21/2015,1.13,8/1/2015
8/24/2015,1.11,8/1/2015
8/25/2015,1.15,8/1/2015
8/26/2015,1.13,8/1/2015
8/27/2015,1.2,8/1/2015
8/28/2015,1.22,8/1/2015
8/31/2015,1.26,8/1/2015
9/1/2015,1.18,9/1/2015
9/2/2015,1.19,9/1/2015
9/3/2015,1.16,9/1/2015
9/4/2015,1.14,9/1/2015
9/7/2015,,9/1/2015
9/8/2015,1.15,9/1/2015
9/9/2015,1.15,9/1/2015
9/10/2015,1.21,9/1/2015
9/11/2015,1.21,9/1/2015
9/14/2015,1.19,9/1/2015
9/15/2015,1.2,9/1/2015
9/16/2015,1.21,9/1/2015
9/17/2015,1.24,9/1/2015
9/18/2015,1.19,9/1/2015
9/21/2015,1.19,9/1/2015
9/22/2015,1.15,9/1/2015
9/23/2015,1.16,9/1/2015
9/24/2015,1.11,9/1/2015
9/25/2015,1.11,9/1/2015
9/28/2015,1.02,9/1/2015
9/29/2015,1.03,9/1/2015
9/30/2015,1.07,9/1/2015
10/1/2015,1.13,10/1/2015
10/2/2015,1.15,10/1/2015
10/5/2015,1.18,10/1/2015
10/6/2015,1.22,10/1/2015
10/7/2015,1.22,10/1/2015
10/8/2015,1.26,10/1/2015
10/9/2015,1.22,10/1/2015
10/12/2015,,10/1/2015
10/13/2015,1.18,10/1/2015
10/14/2015,1.15,10/1/2015
10/15/2015,1.18,10/1/2015
10/16/2015,1.18,10/1/2015
10/19/2015,1.13,10/1/2015
10/20/2015,1.16,10/1/2015
10/21/2015,1.13,10/1/2015
10/22/2015,1.14,10/1/2015
10/23/2015,1.19,10/1/2015
10/26/2015,1.16,10/1/2015
10/27/2015,1.15,10/1/2015
10/28/2015,1.14,10/1/2015
10/29/2015,1.19,10/1/2015
10/30/2015,1.2,10/1/2015
11/2/2015,1.23,11/1/2015
11/3/2015,1.27,11/1/2015
11/4/2015,1.26,11/1/2015
11/5/2015,1.23,11/1/2015
11/6/2015,1.25,11/1/2015
11/9/2015,1.28,11/1/2015
11/10/2015,1.25,11/1/2015
11/11/2015,,11/1/2015
11/12/2015,1.24,11/1/2015
11/13/2015,1.21,11/1/2015
11/16/2015,1.2,11/1/2015
11/17/2015,1.23,11/1/2015
11/18/2015,1.25,11/1/2015
11/19/2015,1.27,11/1/2015
11/20/2015,1.31,11/1/2015
11/23/2015,1.33,11/1/2015
11/24/2015,1.33,11/1/2015
11/25/2015,1.31,11/1/2015
11/26/2015,,11/1/2015
11/27/2015,1.31,11/1/2015
11/30/2015,1.3,11/1/2015
12/1/2015,1.29,12/1/2015
12/2/2015,1.27,12/1/2015
12/3/2015,1.33,12/1/2015
12/4/2015,1.3,12/1/2015
12/7/2015,1.25,12/1/2015
12/8/2015,1.25,12/1/2015
12/9/2015,1.21,12/1/2015
12/10/2015,1.2,12/1/2015
12/11/2015,1.17,12/1/2015
12/14/2015,1.17,12/1/2015
12/15/2015,1.22,12/1/2015
12/16/2015,1.2,12/1/2015
12/17/2015,1.21,12/1/2015
12/18/2015,1.21,12/1/2015
12/21/2015,1.19,12/1/2015
12/22/2015,1.19,12/1/2015
12/23/2015,1.25,12/1/2015
12/24/2015,1.23,12/1/2015
12/25/2015,,12/1/2015
12/28/2015,1.24,12/1/2015
12/29/2015,1.28,12/1/2015
12/30/2015,1.28,12/1/2015
12/31/2015,1.31,12/1/2015
1/1/2016,,1/1/2016
1/4/2016,1.31,1/1/2016
1/5/2016,1.31,1/1/2016
1/6/2016,1.26,1/1/2016
1/7/2016,1.25,1/1/2016
1/8/2016,1.23,1/1/2016
1/11/2016,1.19,1/1/2016
1/12/2016,1.19,1/1/2016
1/13/2016,1.18,1/1/2016
1/14/2016,1.2,1/1/2016
1/15/2016,1.12,1/1/2016
1/18/2016,,1/1/2016
1/19/2016,1.16,1/1/2016
1/20/2016,1.1,1/1/2016
1/21/2016,1.08,1/1/2016
1/22/2016,1.15,1/1/2016
1/25/2016,1.15,1/1/2016
1/26/2016,1.17,1/1/2016
1/27/2016,1.18,1/1/2016
1/28/2016,1.2,1/1/2016
1/29/2016,1.19,1/1/2016
2/1/2016,1.2,2/1/2016
2/2/2016,1.14,2/1/2016
2/3/2016,1.16,2/1/2016
2/4/2016,1.13,2/1/2016
2/5/2016,1.07,2/1/2016
2/8/2016,0.97,2/1/2016
2/9/2016,0.93,2/1/2016
2/10/2016,0.95,2/1/2016
2/11/2016,0.94,2/1/2016
2/12/2016,1.03,2/1/2016
2/15/2016,,2/1/2016
2/16/2016,1.03,2/1/2016
2/17/2016,1.04,2/1/2016
2/18/2016,1.02,2/1/2016
2/19/2016,1.06,2/1/2016
2/22/2016,1.11,2/1/2016
2/23/2016,1.13,2/1/2016
2/24/2016,1.15,2/1/2016
2/25/2016,1.18,2/1/2016
2/26/2016,1.2,2/1/2016
2/29/2016,1.23,2/1/2016
3/1/2016,1.29,3/1/2016
3/2/2016,1.34,3/1/2016
3/3/2016,1.36,3/1/2016
3/4/2016,1.36,3/1/2016
3/7/2016,1.36,3/1/2016
3/8/2016,1.33,3/1/2016
3/9/2016,1.37,3/1/2016
3/10/2016,1.35,3/1/2016
3/11/2016,1.41,3/1/2016
3/14/2016,1.38,3/1/2016
3/15/2016,1.35,3/1/2016
3/16/2016,1.45,3/1/2016
3/17/2016,1.46,3/1/2016
3/18/2016,1.47,3/1/2016
3/21/2016,1.5,3/1/2016
3/22/2016,1.48,3/1/2016
3/23/2016,1.44,3/1/2016
3/24/2016,1.42,3/1/2016
3/25/2016,,3/1/2016
3/28/2016,1.4,3/1/2016
3/29/2016,1.47,3/1/2016
3/30/2016,1.52,3/1/2016
3/31/2016,1.49,3/1/2016
4/1/2016,1.49,4/1/2016
4/4/2016,1.48,4/1/2016
4/5/2016,1.43,4/1/2016
4/6/2016,1.43,4/1/2016
4/7/2016,1.41,4/1/2016
4/8/2016,1.43,4/1/2016
4/11/2016,1.41,4/1/2016
4/12/2016,1.39,4/1/2016
4/13/2016,1.43,4/1/2016
4/14/2016,1.42,4/1/2016
4/15/2016,1.42,4/1/2016
4/18/2016,1.41,4/1/2016
4/19/2016,1.46,4/1/2016
4/20/2016,1.49,4/1/2016
4/21/2016,1.56,4/1/2016
4/22/2016,1.56,4/1/2016
4/25/2016,1.56,4/1/2016
4/26/2016,1.56,4/1/2016
4/27/2016,1.57,4/1/2016
4/28/2016,1.61,4/1/2016
4/29/2016,1.6,4/1/2016
5/2/2016,1.58,5/1/2016
5/3/2016,1.54,5/1/2016
5/4/2016,1.52,5/1/2016
5/5/2016,1.52,5/1/2016
5/6/2016,1.51,5/1/2016
5/9/2016,1.5,5/1/2016
5/10/2016,1.53,5/1/2016
5/11/2016,1.53,5/1/2016
5/12/2016,1.53,5/1/2016
5/13/2016,1.52,5/1/2016
5/16/2016,1.53,5/1/2016
5/17/2016,1.56,5/1/2016
5/18/2016,1.54,5/1/2016
5/19/2016,1.51,5/1/2016
5/20/2016,1.51,5/1/2016
5/23/2016,1.49,5/1/2016
5/24/2016,1.51,5/1/2016
5/25/2016,1.51,5/1/2016
5/26/2016,1.51,5/1/2016
5/27/2016,1.51,5/1/2016
5/30/2016,,5/1/2016
5/31/2016,1.47,5/1/2016
6/1/2016,1.47,6/1/2016
6/2/2016,1.48,6/1/2016
6/3/2016,1.45,6/1/2016
6/6/2016,1.49,6/1/2016
6/7/2016,1.51,6/1/2016
6/8/2016,1.54,6/1/2016
6/9/2016,1.53,6/1/2016
6/10/2016,1.49,6/1/2016
6/13/2016,1.45,6/1/2016
6/14/2016,1.45,6/1/2016
6/15/2016,1.47,6/1/2016
6/16/2016,1.42,6/1/2016
6/17/2016,1.43,6/1/2016
6/20/2016,1.43,6/1/2016
6/21/2016,1.41,6/1/2016
6/22/2016,1.41,6/1/2016
6/23/2016,1.47,6/1/2016
6/24/2016,1.36,6/1/2016
6/27/2016,1.27,6/1/2016
6/28/2016,1.32,6/1/2016
6/29/2016,1.36,6/1/2016
6/30/2016,1.38,6/1/2016
7/1/2016,1.43,7/1/2016
7/4/2016,,7/1/2016
7/5/2016,1.39,7/1/2016
7/6/2016,1.41,7/1/2016
7/7/2016,1.41,7/1/2016
7/8/2016,1.39,7/1/2016
7/11/2016,1.41,7/1/2016
7/12/2016,1.46,7/1/2016
7/13/2016,1.43,7/1/2016
7/14/2016,1.44,7/1/2016
7/15/2016,1.44,7/1/2016
7/18/2016,1.41,7/1/2016
7/19/2016,1.39,7/1/2016
7/20/2016,1.4,7/1/2016
7/21/2016,1.38,7/1/2016
7/22/2016,1.36,7/1/2016
7/25/2016,1.34,7/1/2016
7/26/2016,1.33,7/1/2016
7/27/2016,1.31,7/1/2016
7/28/2016,1.33,7/1/2016
7/29/2016,1.31,7/1/2016
8/1/2016,1.27,8/1/2016
8/2/2016,1.25,8/1/2016
8/3/2016,1.28,8/1/2016
8/4/2016,1.3,8/1/2016
8/5/2016,1.33,8/1/2016
8/8/2016,1.34,8/1/2016
8/9/2016,1.3,8/1/2016
8/10/2016,1.27,8/1/2016
8/11/2016,1.32,8/1/2016
8/12/2016,1.29,8/1/2016
8/15/2016,1.3,8/1/2016
8/16/2016,1.28,8/1/2016
8/17/2016,1.31,8/1/2016
8/18/2016,1.32,8/1/2016
8/19/2016,1.34,8/1/2016
8/22/2016,1.34,8/1/2016
8/23/2016,1.34,8/1/2016
8/24/2016,1.32,8/1/2016
8/25/2016,1.33,8/1/2016
8/26/2016,1.31,8/1/2016
8/29/2016,1.29,8/1/2016
8/30/2016,1.28,8/1/2016
8/31/2016,1.27,8/1/2016
9/1/2016,1.24,9/1/2016
9/2/2016,1.28,9/1/2016
9/5/2016,,9/1/2016
9/6/2016,1.29,9/1/2016
9/7/2016,1.3,9/1/2016
9/8/2016,1.34,9/1/2016
9/9/2016,1.32,9/1/2016
9/12/2016,1.33,9/1/2016
9/13/2016,1.31,9/1/2016
9/14/2016,1.3,9/1/2016
9/15/2016,1.31,9/1/2016
9/16/2016,1.34,9/1/2016
9/19/2016,1.35,9/1/2016
9/20/2016,1.33,9/1/2016
9/21/2016,1.37,9/1/2016
9/22/2016,1.4,9/1/2016
9/23/2016,1.42,9/1/2016
9/26/2016,1.4,9/1/2016
9/27/2016,1.38,9/1/2016
9/28/2016,1.44,9/1/2016
9/29/2016,1.44,9/1/2016
9/30/2016,1.45,9/1/2016
10/3/2016,1.47,10/1/2016
10/4/2016,1.45,10/1/2016
10/5/2016,1.48,10/1/2016
10/6/2016,1.49,10/1/2016
10/7/2016,1.5,10/1/2016
10/10/2016,,10/1/2016
10/11/2016,1.51,10/1/2016
10/12/2016,1.51,10/1/2016
10/13/2016,1.5,10/1/2016
10/14/2016,1.53,10/1/2016
10/17/2016,1.55,10/1/2016
10/18/2016,1.54,10/1/2016
10/19/2016,1.56,10/1/2016
10/20/2016,1.56,10/1/2016
10/21/2016,1.56,10/1/2016
10/24/2016,1.53,10/1/2016
10/25/2016,1.57,10/1/2016
10/26/2016,1.58,10/1/2016
10/27/2016,1.57,10/1/2016
10/28/2016,1.6,10/1/2016
10/31/2016,1.59,10/1/2016
11/1/2016,1.59,11/1/2016
11/2/2016,1.55,11/1/2016
11/3/2016,1.52,11/1/2016
11/4/2016,1.52,11/1/2016
11/7/2016,1.56,11/1/2016
11/8/2016,1.57,11/1/2016
11/9/2016,1.67,11/1/2016
11/10/2016,1.7,11/1/2016
11/11/2016,,11/1/2016
11/14/2016,1.65,11/1/2016
11/15/2016,1.67,11/1/2016
11/16/2016,1.66,11/1/2016
11/17/2016,1.71,11/1/2016
11/18/2016,1.74,11/1/2016
11/21/2016,1.74,11/1/2016
11/22/2016,1.75,11/1/2016
11/23/2016,1.74,11/1/2016
11/24/2016,,11/1/2016
11/25/2016,1.74,11/1/2016
11/28/2016,1.69,11/1/2016
11/29/2016,1.69,11/1/2016
11/30/2016,1.77,11/1/2016
12/1/2016,1.81,12/1/2016
12/2/2016,1.76,12/1/2016
12/5/2016,1.79,12/1/2016
12/6/2016,1.8,12/1/2016
12/7/2016,1.78,12/1/2016
12/8/2016,1.83,12/1/2016
12/9/2016,1.83,12/1/2016
12/12/2016,1.86,12/1/2016
12/13/2016,1.86,12/1/2016
12/14/2016,1.82,12/1/2016
12/15/2016,1.78,12/1/2016
12/16/2016,1.75,12/1/2016
12/19/2016,1.74,12/1/2016
12/20/2016,1.8,12/1/2016
12/21/2016,1.74,12/1/2016
12/22/2016,1.86,12/1/2016
12/23/2016,1.84,12/1/2016
12/26/2016,,12/1/2016
12/27/2016,1.88,12/1/2016
12/28/2016,1.85,12/1/2016
12/29/2016,1.81,12/1/2016
12/30/2016,1.84,12/1/2016
1/2/2017,,1/1/2017
1/3/2017,1.86,1/1/2017
1/4/2017,1.86,1/1/2017
1/5/2017,1.83,1/1/2017
1/6/2017,1.84,1/1/2017
1/9/2017,1.85,1/1/2017
1/10/2017,1.84,1/1/2017
1/11/2017,1.85,1/1/2017
1/12/2017,1.87,1/1/2017
1/13/2017,1.85,1/1/2017
1/16/2017,,1/1/2017
1/17/2017,1.84,1/1/2017
1/18/2017,1.86,1/1/2017
1/19/2017,1.9,1/1/2017
1/20/2017,1.92,1/1/2017
1/23/2017,1.86,1/1/2017
1/24/2017,1.93,1/1/2017
1/25/2017,1.96,1/1/2017
1/26/2017,1.94,1/1/2017
1/27/2017,1.96,1/1/2017
1/30/2017,1.95,1/1/2017
1/31/2017,1.94,1/1/2017
2/1/2017,1.92,2/1/2017
2/2/2017,1.93,2/1/2017
2/3/2017,1.91,2/1/2017
2/6/2017,1.91,2/1/2017
2/7/2017,1.87,2/1/2017
2/8/2017,1.82,2/1/2017
2/9/2017,1.86,2/1/2017
2/10/2017,1.87,2/1/2017
2/13/2017,1.87,2/1/2017
2/14/2017,1.87,2/1/2017
2/15/2017,1.93,2/1/2017
2/16/2017,1.9,2/1/2017
2/17/2017,1.85,2/1/2017
2/20/2017,,2/1/2017
2/21/2017,1.87,2/1/2017
2/22/2017,1.92,2/1/2017
2/23/2017,1.9,2/1/2017
2/24/2017,1.9,2/1/2017
2/27/2017,1.86,2/1/2017
2/28/2017,1.89,2/1/2017
3/1/2017,1.84,3/1/2017
3/2/2017,1.84,3/1/2017
3/3/2017,1.92,3/1/2017
3/6/2017,1.9,3/1/2017
3/7/2017,1.92,3/1/2017
3/8/2017,1.9,3/1/2017
3/9/2017,1.89,3/1/2017
3/10/2017,1.9,3/1/2017
3/13/2017,1.86,3/1/2017
3/14/2017,1.88,3/1/2017
3/15/2017,1.84,3/1/2017
3/16/2017,1.87,3/1/2017
3/17/2017,1.89,3/1/2017
3/20/2017,1.86,3/1/2017
3/21/2017,1.8,3/1/2017
3/22/2017,1.79,3/1/2017
3/23/2017,1.75,3/1/2017
3/24/2017,1.73,3/1/2017
3/27/2017,1.75,3/1/2017
3/28/2017,1.73,3/1/2017
3/29/2017,1.8,3/1/2017
3/30/2017,1.81,3/1/2017
3/31/2017,1.77,3/1/2017
4/3/2017,1.73,4/1/2017
4/4/2017,1.77,4/1/2017
4/5/2017,1.77,4/1/2017
4/6/2017,1.71,4/1/2017
4/7/2017,1.7,4/1/2017
4/10/2017,1.69,4/1/2017
4/11/2017,1.7,4/1/2017
4/12/2017,1.69,4/1/2017
4/13/2017,1.74,4/1/2017
4/14/2017,,4/1/2017
4/17/2017,1.69,4/1/2017
4/18/2017,1.65,4/1/2017
4/19/2017,1.66,4/1/2017
4/20/2017,1.82,4/1/2017
4/21/2017,1.79,4/1/2017
4/24/2017,1.81,4/1/2017
4/25/2017,1.85,4/1/2017
4/26/2017,1.83,4/1/2017
4/27/2017,1.81,4/1/2017
4/28/2017,1.81,4/1/2017
5/1/2017,1.8,5/1/2017
5/2/2017,1.77,5/1/2017
5/3/2017,1.76,5/1/2017
5/4/2017,1.72,5/1/2017
5/5/2017,1.75,5/1/2017
5/8/2017,1.75,5/1/2017
5/9/2017,1.74,5/1/2017
5/10/2017,1.78,5/1/2017
5/11/2017,1.82,5/1/2017
5/12/2017,1.75,5/1/2017
5/15/2017,1.74,5/1/2017
5/16/2017,1.74,5/1/2017
5/17/2017,1.7,5/1/2017
5/18/2017,1.72,5/1/2017
5/19/2017,1.75,5/1/2017
5/22/2017,1.75,5/1/2017
5/23/2017,1.77,5/1/2017
5/24/2017,1.73,5/1/2017
5/25/2017,1.7,5/1/2017
5/26/2017,1.73,5/1/2017
5/29/2017,,5/1/2017
5/30/2017,1.73,5/1/2017
5/31/2017,1.72,5/1/2017
6/1/2017,1.73,6/1/2017
6/2/2017,1.72,6/1/2017
6/5/2017,1.72,6/1/2017
6/6/2017,1.71,6/1/2017
6/7/2017,1.69,6/1/2017
6/8/2017,1.69,6/1/2017
6/9/2017,1.68,6/1/2017
6/12/2017,1.67,6/1/2017
6/13/2017,1.67,6/1/2017
6/14/2017,1.59,6/1/2017
6/15/2017,1.56,6/1/2017
6/16/2017,1.56,6/1/2017
6/19/2017,1.56,6/1/2017
6/20/2017,1.54,6/1/2017
6/21/2017,1.54,6/1/2017
6/22/2017,1.57,6/1/2017
6/23/2017,1.59,6/1/2017
6/26/2017,1.61,6/1/2017
6/27/2017,1.62,6/1/2017
6/28/2017,1.65,6/1/2017
6/29/2017,1.62,6/1/2017
6/30/2017,1.63,6/1/2017
7/3/2017,1.66,7/1/2017
7/4/2017,,7/1/2017
7/5/2017,1.65,7/1/2017
7/6/2017,1.66,7/1/2017
7/7/2017,1.63,7/1/2017
7/10/2017,1.6,7/1/2017
7/11/2017,1.61,7/1/2017
7/12/2017,1.63,7/1/2017
7/13/2017,1.64,7/1/2017
7/14/2017,1.62,7/1/2017
7/17/2017,1.64,7/1/2017
7/18/2017,1.62,7/1/2017
7/19/2017,1.65,7/1/2017
7/20/2017,1.62,7/1/2017
7/21/2017,1.62,7/1/2017
7/24/2017,1.62,7/1/2017
7/25/2017,1.67,7/1/2017
7/26/2017,1.66,7/1/2017
7/27/2017,1.68,7/1/2017
7/28/2017,1.68,7/1/2017
7/31/2017,1.67,7/1/2017
8/1/2017,1.62,8/1/2017
8/2/2017,1.63,8/1/2017
8/3/2017,1.62,8/1/2017
8/4/2017,1.65,8/1/2017
8/7/2017,1.65,8/1/2017
8/8/2017,1.69,8/1/2017
8/9/2017,1.7,8/1/2017
8/10/2017,1.68,8/1/2017
8/11/2017,1.64,8/1/2017
8/14/2017,1.59,8/1/2017
8/15/2017,1.63,8/1/2017
8/16/2017,1.62,8/1/2017
8/17/2017,1.61,8/1/2017
8/18/2017,1.61,8/1/2017
8/21/2017,1.59,8/1/2017
8/22/2017,1.61,8/1/2017
8/23/2017,1.58,8/1/2017
8/24/2017,1.6,8/1/2017
8/25/2017,1.57,8/1/2017
8/28/2017,1.56,8/1/2017
8/29/2017,1.54,8/1/2017
8/30/2017,1.57,8/1/2017
8/31/2017,1.58,8/1/2017
9/1/2017,1.63,9/1/2017
9/4/2017,,9/1/2017
9/5/2017,1.58,9/1/2017
9/6/2017,1.6,9/1/2017
9/7/2017,1.61,9/1/2017
9/8/2017,1.63,9/1/2017
9/11/2017,1.63,9/1/2017
9/12/2017,1.67,9/1/2017
9/13/2017,1.68,9/1/2017
9/14/2017,1.7,9/1/2017
9/15/2017,1.72,9/1/2017
9/18/2017,1.74,9/1/2017
9/19/2017,1.74,9/1/2017
9/20/2017,1.71,9/1/2017
9/21/2017,1.7,9/1/2017
9/22/2017,1.71,9/1/2017
9/25/2017,1.72,9/1/2017
9/26/2017,1.72,9/1/2017
9/27/2017,1.74,9/1/2017
9/28/2017,1.73,9/1/2017
9/29/2017,1.68,9/1/2017
10/2/2017,1.73,10/1/2017
10/3/2017,1.68,10/1/2017
10/4/2017,1.73,10/1/2017
10/5/2017,1.74,10/1/2017
10/6/2017,1.78,10/1/2017
10/9/2017,,10/1/2017
10/10/2017,1.75,10/1/2017
10/11/2017,1.75,10/1/2017
10/12/2017,1.79,10/1/2017
10/13/2017,1.71,10/1/2017
10/16/2017,1.66,10/1/2017
10/17/2017,1.69,10/1/2017
10/18/2017,1.69,10/1/2017
10/19/2017,1.66,10/1/2017
10/20/2017,1.76,10/1/2017
10/23/2017,1.69,10/1/2017
10/24/2017,1.73,10/1/2017
10/25/2017,1.74,10/1/2017
10/26/2017,1.76,10/1/2017
10/27/2017,1.76,10/1/2017
10/30/2017,1.77,10/1/2017
10/31/2017,1.79,10/1/2017
11/1/2017,1.71,11/1/2017
11/2/2017,1.79,11/1/2017
11/3/2017,1.74,11/1/2017
11/6/2017,1.77,11/1/2017
11/7/2017,1.8,11/1/2017
11/8/2017,1.77,11/1/2017
11/9/2017,1.8,11/1/2017
11/10/2017,1.78,11/1/2017
11/13/2017,1.79,11/1/2017
11/14/2017,1.79,11/1/2017
11/15/2017,1.78,11/1/2017
11/16/2017,1.79,11/1/2017
11/17/2017,1.75,11/1/2017
11/20/2017,1.74,11/1/2017
11/21/2017,1.75,11/1/2017
11/22/2017,1.75,11/1/2017
11/23/2017,,11/1/2017
11/24/2017,1.71,11/1/2017
11/27/2017,1.69,11/1/2017
11/28/2017,1.69,11/1/2017
11/29/2017,1.69,11/1/2017
11/30/2017,1.73,11/1/2017
12/1/2017,1.72,12/1/2017
12/4/2017,1.76,12/1/2017
12/5/2017,1.69,12/1/2017
12/6/2017,1.74,12/1/2017
12/7/2017,1.74,12/1/2017
12/8/2017,1.71,12/1/2017
12/11/2017,1.76,12/1/2017
12/12/2017,1.78,12/1/2017
12/13/2017,1.74,12/1/2017
12/14/2017,1.76,12/1/2017
12/15/2017,1.77,12/1/2017
12/18/2017,1.71,12/1/2017
12/19/2017,1.74,12/1/2017
12/20/2017,1.74,12/1/2017
12/21/2017,1.84,12/1/2017
12/22/2017,1.82,12/1/2017
12/25/2017,,12/1/2017
12/26/2017,1.76,12/1/2017
12/27/2017,1.82,12/1/2017
12/28/2017,1.86,12/1/2017
12/29/2017,1.86,12/1/2017
1/1/2018,,1/1/2018
1/2/2018,1.9,1/1/2018
1/3/2018,1.87,1/1/2018
1/4/2018,1.92,1/1/2018
1/5/2018,1.95,1/1/2018
1/8/2018,1.91,1/1/2018
1/9/2018,1.95,1/1/2018
1/10/2018,1.94,1/1/2018
1/11/2018,1.89,1/1/2018
1/12/2018,1.92,1/1/2018
1/15/2018,,1/1/2018
1/16/2018,1.94,1/1/2018
1/17/2018,1.9,1/1/2018
1/18/2018,1.99,1/1/2018
1/19/2018,2,1/1/2018
1/22/2018,2,1/1/2018
1/23/2018,1.92,1/1/2018
1/24/2018,1.96,1/1/2018
1/25/2018,1.91,1/1/2018
1/26/2018,1.93,1/1/2018
1/29/2018,1.92,1/1/2018
1/30/2018,1.97,1/1/2018
1/31/2018,1.98,1/1/2018
2/1/2018,1.93,2/1/2018
2/2/2018,1.93,2/1/2018
2/5/2018,1.95,2/1/2018
2/6/2018,1.88,2/1/2018
2/7/2018,1.9,2/1/2018
2/8/2018,1.89,2/1/2018
2/9/2018,1.83,2/1/2018
2/12/2018,1.84,2/1/2018
2/13/2018,1.88,2/1/2018
2/14/2018,1.91,2/1/2018
2/15/2018,2,2/1/2018
2/16/2018,2,2/1/2018
2/19/2018,,2/1/2018
2/20/2018,2.04,2/1/2018
2/21/2018,2.06,2/1/2018
2/22/2018,2.06,2/1/2018
2/23/2018,2.04,2/1/2018
2/26/2018,2.07,2/1/2018
2/27/2018,2.09,2/1/2018
2/28/2018,2.04,2/1/2018
3/1/2018,2.03,3/1/2018
3/2/2018,2.03,3/1/2018
3/5/2018,2.05,3/1/2018
3/6/2018,2.1,3/1/2018
3/7/2018,2.1,3/1/2018
3/8/2018,2.08,3/1/2018
3/9/2018,1.96,3/1/2018
3/12/2018,2.02,3/1/2018
3/13/2018,2.05,3/1/2018
3/14/2018,2.04,3/1/2018
3/15/2018,2.07,3/1/2018
3/16/2018,2.05,3/1/2018
3/19/2018,2.04,3/1/2018
3/20/2018,2.05,3/1/2018
3/21/2018,1.96,3/1/2018
3/22/2018,2.03,3/1/2018
3/23/2018,2.01,3/1/2018
3/26/2018,2.01,3/1/2018
3/27/2018,1.94,3/1/2018
3/28/2018,1.91,3/1/2018
3/29/2018,1.92,3/1/2018
3/30/2018,,3/1/2018
4/2/2018,1.99,4/1/2018
4/3/2018,1.99,4/1/2018
4/4/2018,2.04,4/1/2018
4/5/2018,1.93,4/1/2018
4/6/2018,2.01,4/1/2018
4/9/2018,2.02,4/1/2018
4/10/2018,2,4/1/2018
4/11/2018,2.06,4/1/2018
4/12/2018,2.05,4/1/2018
4/13/2018,2.01,4/1/2018
4/16/2018,2.08,4/1/2018
4/17/2018,2.01,4/1/2018
4/18/2018,2.04,4/1/2018
4/19/2018,2.12,4/1/2018
4/20/2018,2.1,4/1/2018
4/23/2018,2.11,4/1/2018
4/24/2018,2.1,4/1/2018
4/25/2018,2.09,4/1/2018
4/26/2018,2.1,4/1/2018
4/27/2018,2.09,4/1/2018
4/30/2018,2.1,4/1/2018
5/1/2018,2.09,5/1/2018
5/2/2018,2.09,5/1/2018
5/3/2018,2.09,5/1/2018
5/4/2018,2.09,5/1/2018
5/7/2018,2.11,5/1/2018
5/8/2018,2.1,5/1/2018
5/9/2018,2.13,5/1/2018
5/10/2018,2.12,5/1/2018
5/11/2018,2.13,5/1/2018
5/14/2018,2.12,5/1/2018
5/15/2018,2.15,5/1/2018
5/16/2018,2.16,5/1/2018
5/17/2018,2.16,5/1/2018
5/18/2018,2.14,5/1/2018
5/21/2018,2.15,5/1/2018
5/22/2018,2.13,5/1/2018
5/23/2018,2.12,5/1/2018
5/24/2018,2.11,5/1/2018
5/25/2018,2.04,5/1/2018
5/28/2018,,5/1/2018
5/29/2018,1.98,5/1/2018
5/30/2018,2,5/1/2018
5/31/2018,2.03,5/1/2018
6/1/2018,2.06,6/1/2018
6/4/2018,2.06,6/1/2018
6/5/2018,2.05,6/1/2018
6/6/2018,2.06,6/1/2018
6/7/2018,2.08,6/1/2018
6/8/2018,2.06,6/1/2018
6/11/2018,2.08,6/1/2018
6/12/2018,2.07,6/1/2018
6/13/2018,2.09,6/1/2018
6/14/2018,2.07,6/1/2018
6/15/2018,2.08,6/1/2018
6/18/2018,2.08,6/1/2018
6/19/2018,2.07,6/1/2018
6/20/2018,2.06,6/1/2018
6/21/2018,2.05,6/1/2018
6/22/2018,2.07,6/1/2018
6/25/2018,2.06,6/1/2018
6/26/2018,2.07,6/1/2018
6/27/2018,2.07,6/1/2018
6/28/2018,2.07,6/1/2018
6/29/2018,2.06,6/1/2018
7/2/2018,2.07,7/1/2018
7/3/2018,2.08,7/1/2018
7/4/2018,,7/1/2018
7/5/2018,2.1,7/1/2018
7/6/2018,2.08,7/1/2018
7/9/2018,2.1,7/1/2018
7/10/2018,2.09,7/1/2018
7/11/2018,2.07,7/1/2018
7/12/2018,2.06,7/1/2018
7/13/2018,2.07,7/1/2018
7/16/2018,2.05,7/1/2018
7/17/2018,2.03,7/1/2018
7/18/2018,2.03,7/1/2018
7/19/2018,2.01,7/1/2018
7/20/2018,2.02,7/1/2018
7/23/2018,2.01,7/1/2018
7/24/2018,2,7/1/2018
7/25/2018,2.01,7/1/2018
7/26/2018,2,7/1/2018
7/27/2018,2,7/1/2018
7/30/2018,2.01,7/1/2018
7/31/2018,2,7/1/2018
8/1/2018,2,8/1/2018
8/2/2018,1.99,8/1/2018
8/3/2018,2,8/1/2018
8/6/2018,1.98,8/1/2018
8/7/2018,2,8/1/2018
8/8/2018,1.98,8/1/2018
8/9/2018,1.97,8/1/2018
8/10/2018,1.98,8/1/2018
8/13/2018,1.99,8/1/2018
8/14/2018,1.99,8/1/2018
8/15/2018,1.97,8/1/2018
8/16/2018,1.97,8/1/2018
8/17/2018,1.96,8/1/2018
8/20/2018,1.95,8/1/2018
8/21/2018,1.97,8/1/2018
8/22/2018,1.96,8/1/2018
8/23/2018,1.99,8/1/2018
8/24/2018,1.99,8/1/2018
8/27/2018,2,8/1/2018
8/28/2018,1.99,8/1/2018
8/29/2018,2,8/1/2018
8/30/2018,1.99,8/1/2018
8/31/2018,1.98,8/1/2018
9/3/2018,,9/1/2018
9/4/2018,1.99,9/1/2018
9/5/2018,1.98,9/1/2018
9/6/2018,1.97,9/1/2018
9/7/2018,1.98,9/1/2018
9/10/2018,1.98,9/1/2018
9/11/2018,2.01,9/1/2018
9/12/2018,2.02,9/1/2018
9/13/2018,1.98,9/1/2018
9/14/2018,2,9/1/2018
9/17/2018,1.99,9/1/2018
9/18/2018,2.01,9/1/2018
9/19/2018,2.02,9/1/2018
9/20/2018,2.02,9/1/2018
9/21/2018,2.02,9/1/2018
9/24/2018,2.03,9/1/2018
9/25/2018,2.05,9/1/2018
9/26/2018,2.04,9/1/2018
9/27/2018,2.04,9/1/2018
9/28/2018,2.03,9/1/2018
10/1/2018,2.04,10/1/2018
10/2/2018,2.03,10/1/2018
10/3/2018,2.07,10/1/2018
10/4/2018,2.06,10/1/2018
10/5/2018,2.05,10/1/2018
10/8/2018,,10/1/2018
10/9/2018,2.05,10/1/2018
10/10/2018,2.04,10/1/2018
10/11/2018,1.99,10/1/2018
10/12/2018,1.99,10/1/2018
10/15/2018,2,10/1/2018
10/16/2018,2.01,10/1/2018
10/17/2018,2,10/1/2018
10/18/2018,1.99,10/1/2018
10/19/2018,1.98,10/1/2018
10/22/2018,1.98,10/1/2018
10/23/2018,1.94,10/1/2018
10/24/2018,1.93,10/1/2018
10/25/2018,1.91,10/1/2018
10/26/2018,1.93,10/1/2018
10/29/2018,1.92,10/1/2018
10/30/2018,1.91,10/1/2018
10/31/2018,1.9,10/1/2018
11/1/2018,1.88,11/1/2018
11/2/2018,1.91,11/1/2018
11/5/2018,1.91,11/1/2018
11/6/2018,1.92,11/1/2018
11/7/2018,1.93,11/1/2018
11/8/2018,1.92,11/1/2018
11/9/2018,1.9,11/1/2018
11/12/2018,,11/1/2018
11/13/2018,1.88,11/1/2018
11/14/2018,1.85,11/1/2018
11/15/2018,1.85,11/1/2018
11/16/2018,1.88,11/1/2018
11/19/2018,1.85,11/1/2018
11/20/2018,1.82,11/1/2018
11/21/2018,1.81,11/1/2018
11/22/2018,,11/1/2018
11/23/2018,1.77,11/1/2018
11/26/2018,1.78,11/1/2018
11/27/2018,1.73,11/1/2018
11/28/2018,1.74,11/1/2018
11/29/2018,1.79,11/1/2018
11/30/2018,1.77,11/1/2018
12/3/2018,1.76,12/1/2018
12/4/2018,1.74,12/1/2018
12/5/2018,,12/1/2018
12/6/2018,1.69,12/1/2018
12/7/2018,1.68,12/1/2018
12/10/2018,1.65,12/1/2018
12/11/2018,1.62,12/1/2018
12/12/2018,1.62,12/1/2018
12/13/2018,1.62,12/1/2018
12/14/2018,1.6,12/1/2018
12/17/2018,1.58,12/1/2018
12/18/2018,1.58,12/1/2018
12/19/2018,1.56,12/1/2018
12/20/2018,1.53,12/1/2018
12/21/2018,1.55,12/1/2018
12/24/2018,1.52,12/1/2018
12/25/2018,,12/1/2018
12/26/2018,1.57,12/1/2018
12/27/2018,1.53,12/1/2018
12/28/2018,1.52,12/1/2018
12/31/2018,1.51,12/1/2018
1/1/2019,,1/1/2019
1/2/2019,1.49,1/1/2019
1/3/2019,1.49,1/1/2019
1/4/2019,1.58,1/1/2019
1/7/2019,1.61,1/1/2019
1/8/2019,1.66,1/1/2019
1/9/2019,1.68,1/1/2019
1/10/2019,1.65,1/1/2019
1/11/2019,1.66,1/1/2019
1/14/2019,1.64,1/1/2019
1/15/2019,1.63,1/1/2019
1/16/2019,1.64,1/1/2019
1/17/2019,1.64,1/1/2019
1/18/2019,1.67,1/1/2019
1/21/2019,,1/1/2019
1/22/2019,1.63,1/1/2019
1/23/2019,1.64,1/1/2019
1/24/2019,1.62,1/1/2019
1/25/2019,1.64,1/1/2019
1/28/2019,1.62,1/1/2019
1/29/2019,1.62,1/1/2019
1/30/2019,1.68,1/1/2019
1/31/2019,1.7,1/1/2019
2/1/2019,1.72,2/1/2019
2/4/2019,1.72,2/1/2019
2/5/2019,1.72,2/1/2019
2/6/2019,1.71,2/1/2019
2/7/2019,1.69,2/1/2019
2/8/2019,1.69,2/1/2019
2/11/2019,1.69,2/1/2019
2/12/2019,1.71,2/1/2019
2/13/2019,1.76,2/1/2019
2/14/2019,1.74,2/1/2019
2/15/2019,1.75,2/1/2019
2/18/2019,,2/1/2019
2/19/2019,1.76,2/1/2019
2/20/2019,1.79,2/1/2019
2/21/2019,1.8,2/1/2019
2/22/2019,1.82,2/1/2019
2/25/2019,1.82,2/1/2019
2/26/2019,1.82,2/1/2019
2/27/2019,1.84,2/1/2019
2/28/2019,1.84,2/1/2019
3/1/2019,1.85,3/1/2019
3/4/2019,1.84,3/1/2019
3/5/2019,1.83,3/1/2019
3/6/2019,1.81,3/1/2019
3/7/2019,1.8,3/1/2019
3/8/2019,1.8,3/1/2019
3/11/2019,1.82,3/1/2019
3/12/2019,1.81,3/1/2019
3/13/2019,1.84,3/1/2019
3/14/2019,1.85,3/1/2019
3/15/2019,1.86,3/1/2019
3/18/2019,1.88,3/1/2019
3/19/2019,1.85,3/1/2019
3/20/2019,1.88,3/1/2019
3/21/2019,1.86,3/1/2019
3/22/2019,1.8,3/1/2019
3/25/2019,1.77,3/1/2019
3/26/2019,1.75,3/1/2019
3/27/2019,1.74,3/1/2019
3/28/2019,1.72,3/1/2019
3/29/2019,1.78,3/1/2019
4/1/2019,1.82,4/1/2019
4/2/2019,1.81,4/1/2019
4/3/2019,1.81,4/1/2019
4/4/2019,1.81,4/1/2019
4/5/2019,1.79,4/1/2019
4/8/2019,1.81,4/1/2019
4/9/2019,1.8,4/1/2019
4/10/2019,1.83,4/1/2019
4/11/2019,1.82,4/1/2019
4/12/2019,1.86,4/1/2019
4/15/2019,1.85,4/1/2019
4/16/2019,1.86,4/1/2019
4/17/2019,1.84,4/1/2019
4/18/2019,1.86,4/1/2019
4/19/2019,,4/1/2019
4/22/2019,1.87,4/1/2019
4/23/2019,1.87,4/1/2019
4/24/2019,1.87,4/1/2019
4/25/2019,1.86,4/1/2019
4/26/2019,1.86,4/1/2019
4/29/2019,1.86,4/1/2019
4/30/2019,1.85,4/1/2019
5/1/2019,1.83,5/1/2019
5/2/2019,1.78,5/1/2019
5/3/2019,1.8,5/1/2019
5/6/2019,1.81,5/1/2019
5/7/2019,1.76,5/1/2019
5/8/2019,1.75,5/1/2019
5/9/2019,1.73,5/1/2019
5/10/2019,1.75,5/1/2019
5/13/2019,1.73,5/1/2019
5/14/2019,1.75,5/1/2019
5/15/2019,1.74,5/1/2019
5/16/2019,1.75,5/1/2019
5/17/2019,1.71,5/1/2019
5/20/2019,1.71,5/1/2019
5/21/2019,1.72,5/1/2019
5/22/2019,1.68,5/1/2019
5/23/2019,1.62,5/1/2019
5/24/2019,1.62,5/1/2019
5/27/2019,,5/1/2019
5/28/2019,1.58,5/1/2019
5/29/2019,1.59,5/1/2019
5/30/2019,1.59,5/1/2019
5/31/2019,1.58,5/1/2019
6/3/2019,1.56,6/1/2019
6/4/2019,1.59,6/1/2019
6/5/2019,1.59,6/1/2019
6/6/2019,1.58,6/1/2019
6/7/2019,1.61,6/1/2019
6/10/2019,1.6,6/1/2019
6/11/2019,1.57,6/1/2019
6/12/2019,1.53,6/1/2019
6/13/2019,1.51,6/1/2019
6/14/2019,1.48,6/1/2019
6/17/2019,1.45,6/1/2019
6/18/2019,1.49,6/1/2019
6/19/2019,1.53,6/1/2019
6/20/2019,1.58,6/1/2019
6/21/2019,1.6,6/1/2019
6/24/2019,1.57,6/1/2019
6/25/2019,1.52,6/1/2019
6/26/2019,1.56,6/1/2019
6/27/2019,1.53,6/1/2019
6/28/2019,1.53,6/1/2019
7/1/2019,1.53,7/1/2019
7/2/2019,1.5,7/1/2019
7/3/2019,1.51,7/1/2019
7/4/2019,,7/1/2019
7/5/2019,1.55,7/1/2019
7/8/2019,1.55,7/1/2019
7/9/2019,1.56,7/1/2019
7/10/2019,1.59,7/1/2019
7/11/2019,1.63,7/1/2019
7/12/2019,1.62,7/1/2019
7/15/2019,1.61,7/1/2019
7/16/2019,1.63,7/1/2019
7/17/2019,1.6,7/1/2019
7/18/2019,1.6,7/1/2019
7/19/2019,1.6,7/1/2019
7/22/2019,1.59,7/1/2019
7/23/2019,1.61,7/1/2019
7/24/2019,1.59,7/1/2019
7/25/2019,1.6,7/1/2019
7/26/2019,1.57,7/1/2019
7/29/2019,1.57,7/1/2019
7/30/2019,1.58,7/1/2019
7/31/2019,1.56,7/1/2019
8/1/2019,1.47,8/1/2019
8/2/2019,1.45,8/1/2019
8/5/2019,1.39,8/1/2019
8/6/2019,1.4,8/1/2019
8/7/2019,1.38,8/1/2019
8/8/2019,1.43,8/1/2019
8/9/2019,1.44,8/1/2019
8/12/2019,1.39,8/1/2019
8/13/2019,1.44,8/1/2019
8/14/2019,1.36,8/1/2019
8/15/2019,1.34,8/1/2019
8/16/2019,1.34,8/1/2019
8/19/2019,1.36,8/1/2019
8/20/2019,1.34,8/1/2019
8/21/2019,1.34,8/1/2019
8/22/2019,1.35,8/1/2019
8/23/2019,1.35,8/1/2019
8/26/2019,1.34,8/1/2019
8/27/2019,1.36,8/1/2019
8/28/2019,1.36,8/1/2019
8/29/2019,1.39,8/1/2019
8/30/2019,1.35,8/1/2019
9/2/2019,,9/1/2019
9/3/2019,1.29,9/1/2019
9/4/2019,1.31,9/1/2019
9/5/2019,1.35,9/1/2019
9/6/2019,1.35,9/1/2019
9/9/2019,1.38,9/1/2019
9/10/2019,1.4,9/1/2019
9/11/2019,1.4,9/1/2019
9/12/2019,1.43,9/1/2019
9/13/2019,1.46,9/1/2019
9/16/2019,1.48,9/1/2019
9/17/2019,1.46,9/1/2019
9/18/2019,1.4,9/1/2019
9/19/2019,1.41,9/1/2019
9/20/2019,1.42,9/1/2019
9/23/2019,1.42,9/1/2019
9/24/2019,1.39,9/1/2019
9/25/2019,1.41,9/1/2019
9/26/2019,1.4,9/1/2019
9/27/2019,1.36,9/1/2019
9/30/2019,1.35,9/1/2019
10/1/2019,1.33,10/1/2019
10/2/2019,1.29,10/1/2019
10/3/2019,1.25,10/1/2019
10/4/2019,1.27,10/1/2019
10/7/2019,1.27,10/1/2019
10/8/2019,1.25,10/1/2019
10/9/2019,1.24,10/1/2019
10/10/2019,1.29,10/1/2019
10/11/2019,1.34,10/1/2019
10/14/2019,,10/1/2019
10/15/2019,1.33,10/1/2019
10/16/2019,1.35,10/1/2019
10/17/2019,1.52,10/1/2019
10/18/2019,1.52,10/1/2019
10/21/2019,1.53,10/1/2019
10/22/2019,1.53,10/1/2019
10/23/2019,1.52,10/1/2019
10/24/2019,1.52,10/1/2019
10/25/2019,1.55,10/1/2019
10/28/2019,1.53,10/1/2019
10/29/2019,1.51,10/1/2019
10/30/2019,1.47,10/1/2019
10/31/2019,1.44,10/1/2019
11/1/2019,1.5,11/1/2019
11/4/2019,1.56,11/1/2019
11/5/2019,1.58,11/1/2019
11/6/2019,1.57,11/1/2019
11/7/2019,1.61,11/1/2019
11/8/2019,1.63,11/1/2019
11/11/2019,,11/1/2019
11/12/2019,1.6,11/1/2019
11/13/2019,1.58,11/1/2019
11/14/2019,1.54,11/1/2019
11/15/2019,1.52,11/1/2019
11/18/2019,1.54,11/1/2019
11/19/2019,1.53,11/1/2019
11/20/2019,1.51,11/1/2019
11/21/2019,1.53,11/1/2019
11/22/2019,1.53,11/1/2019
11/25/2019,1.53,11/1/2019
11/26/2019,1.52,11/1/2019
11/27/2019,1.54,11/1/2019
11/28/2019,,11/1/2019
11/29/2019,1.5,11/1/2019
12/2/2019,1.54,12/1/2019
12/3/2019,1.51,12/1/2019
12/4/2019,1.54,12/1/2019
12/5/2019,1.55,12/1/2019
12/6/2019,1.59,12/1/2019
12/9/2019,1.59,12/1/2019
12/10/2019,1.59,12/1/2019
12/11/2019,1.6,12/1/2019
12/12/2019,1.62,12/1/2019
12/13/2019,1.62,12/1/2019
12/16/2019,1.64,12/1/2019
12/17/2019,1.65,12/1/2019
12/18/2019,1.68,12/1/2019
12/19/2019,1.68,12/1/2019
12/20/2019,1.67,12/1/2019
12/23/2019,1.67,12/1/2019
12/24/2019,1.67,12/1/2019
12/25/2019,,12/1/2019
12/26/2019,1.66,12/1/2019
12/27/2019,1.64,12/1/2019
12/30/2019,1.66,12/1/2019
12/31/2019,1.68,12/1/2019
1/1/2020,,1/1/2020
1/2/2020,1.72,1/1/2020
1/3/2020,1.69,1/1/2020
1/6/2020,1.69,1/1/2020
1/7/2020,1.67,1/1/2020
1/8/2020,1.68,1/1/2020
1/9/2020,1.67,1/1/2020
1/10/2020,1.67,1/1/2020
1/13/2020,1.7,1/1/2020
1/14/2020,1.7,1/1/2020
1/15/2020,1.67,1/1/2020
1/16/2020,1.68,1/1/2020
1/17/2020,1.68,1/1/2020
1/20/2020,,1/1/2020
1/21/2020,1.66,1/1/2020
1/22/2020,1.64,1/1/2020
1/23/2020,1.64,1/1/2020
1/24/2020,1.62,1/1/2020
1/27/2020,1.56,1/1/2020
1/28/2020,1.59,1/1/2020
1/29/2020,1.58,1/1/2020
1/30/2020,1.59,1/1/2020
1/31/2020,1.6,1/1/2020
2/3/2020,1.56,2/1/2020
2/4/2020,1.58,2/1/2020
2/5/2020,1.61,2/1/2020
2/6/2020,1.61,2/1/2020
2/7/2020,1.61,2/1/2020
2/10/2020,1.62,2/1/2020
2/11/2020,1.6,2/1/2020
2/12/2020,1.64,2/1/2020
2/13/2020,1.65,2/1/2020
2/14/2020,1.64,2/1/2020
2/17/2020,,2/1/2020
2/18/2020,1.64,2/1/2020
2/19/2020,1.65,2/1/2020
2/20/2020,1.63,2/1/2020
2/21/2020,1.6,2/1/2020
2/24/2020,1.57,2/1/2020
2/25/2020,1.52,2/1/2020
2/26/2020,1.5,2/1/2020
2/27/2020,1.48,2/1/2020
2/28/2020,1.33,2/1/2020
3/2/2020,1.32,3/1/2020
3/3/2020,1.34,3/1/2020
3/4/2020,1.34,3/1/2020
3/5/2020,1.28,3/1/2020
3/6/2020,1.14,3/1/2020
3/9/2020,0.8,3/1/2020
3/10/2020,0.77,3/1/2020
3/11/2020,0.69,3/1/2020
3/12/2020,0.63,3/1/2020
3/13/2020,0.53,3/1/2020
3/16/2020,0.3,3/1/2020
3/17/2020,0.16,3/1/2020
3/18/2020,0.16,3/1/2020
3/19/2020,0.14,3/1/2020
3/20/2020,0.31,3/1/2020
3/23/2020,0.37,3/1/2020
3/24/2020,0.55,3/1/2020
3/25/2020,0.69,3/1/2020
3/26/2020,0.72,3/1/2020
3/27/2020,0.54,3/1/2020
3/30/2020,0.57,3/1/2020
3/31/2020,0.49,3/1/2020
4/1/2020,0.56,4/1/2020
4/2/2020,0.73,4/1/2020
4/3/2020,0.78,4/1/2020
4/6/2020,0.85,4/1/2020
4/7/2020,0.86,4/1/2020
4/8/2020,0.87,4/1/2020
4/9/2020,0.9,4/1/2020
4/10/2020,,4/1/2020
4/13/2020,0.94,4/1/2020
4/14/2020,0.94,4/1/2020
4/15/2020,0.87,4/1/2020
4/16/2020,0.7,4/1/2020
4/17/2020,0.67,4/1/2020
4/20/2020,0.56,4/1/2020
4/21/2020,0.58,4/1/2020
4/22/2020,0.69,4/1/2020
4/23/2020,0.67,4/1/2020
4/24/2020,0.72,4/1/2020
4/27/2020,0.78,4/1/2020
4/28/2020,0.76,4/1/2020
4/29/2020,0.78,4/1/2020
4/30/2020,0.72,4/1/2020
5/1/2020,0.68,5/1/2020
5/4/2020,0.69,5/1/2020
5/5/2020,0.71,5/1/2020
5/6/2020,0.71,5/1/2020
5/7/2020,0.7,5/1/2020
5/8/2020,0.74,5/1/2020
5/11/2020,0.75,5/1/2020
5/12/2020,0.72,5/1/2020
5/13/2020,0.71,5/1/2020
5/14/2020,0.71,5/1/2020
5/15/2020,0.75,5/1/2020
5/18/2020,0.84,5/1/2020
5/19/2020,0.82,5/1/2020
5/20/2020,0.83,5/1/2020
5/21/2020,0.81,5/1/2020
5/22/2020,0.8,5/1/2020
5/25/2020,,5/1/2020
5/26/2020,0.82,5/1/2020
5/27/2020,0.82,5/1/2020
5/28/2020,0.86,5/1/2020
5/29/2020,0.83,5/1/2020
6/1/2020,0.84,6/1/2020
6/2/2020,0.84,6/1/2020
6/3/2020,0.88,6/1/2020
6/4/2020,0.88,6/1/2020
6/5/2020,0.95,6/1/2020
6/8/2020,0.98,6/1/2020
6/9/2020,0.98,6/1/2020
6/10/2020,1,6/1/2020
6/11/2020,0.95,6/1/2020
6/12/2020,0.95,6/1/2020
6/15/2020,0.98,6/1/2020
6/16/2020,1.02,6/1/2020
6/17/2020,1.01,6/1/2020
6/18/2020,1.12,6/1/2020
6/19/2020,1.06,6/1/2020
6/22/2020,1.11,6/1/2020
6/23/2020,1.14,6/1/2020
6/24/2020,1.1,6/1/2020
6/25/2020,1.11,6/1/2020
6/26/2020,1.11,6/1/2020
6/29/2020,1.14,6/1/2020
6/30/2020,1.16,6/1/2020
7/1/2020,1.17,7/1/2020
7/2/2020,1.21,7/1/2020
7/3/2020,,7/1/2020
7/6/2020,1.28,7/1/2020
7/7/2020,1.26,7/1/2020
7/8/2020,1.25,7/1/2020
7/9/2020,1.22,7/1/2020
7/10/2020,1.25,7/1/2020
7/13/2020,1.27,7/1/2020
7/14/2020,1.27,7/1/2020
7/15/2020,1.28,7/1/2020
7/16/2020,1.3,7/1/2020
7/17/2020,1.35,7/1/2020
7/20/2020,1.37,7/1/2020
7/21/2020,1.4,7/1/2020
7/22/2020,1.4,7/1/2020
7/23/2020,1.37,7/1/2020
7/24/2020,1.35,7/1/2020
7/27/2020,1.38,7/1/2020
7/28/2020,1.36,7/1/2020
7/29/2020,1.38,7/1/2020
7/30/2020,1.37,7/1/2020
7/31/2020,1.4,7/1/2020
8/3/2020,1.46,8/1/2020
8/4/2020,1.45,8/1/2020
8/5/2020,1.52,8/1/2020
8/6/2020,1.53,8/1/2020
8/7/2020,1.5,8/1/2020
8/10/2020,1.49,8/1/2020
8/11/2020,1.5,8/1/2020
8/12/2020,1.56,8/1/2020
8/13/2020,1.56,8/1/2020
8/14/2020,1.53,8/1/2020
8/17/2020,1.54,8/1/2020
8/18/2020,1.55,8/1/2020
8/19/2020,1.55,8/1/2020
8/20/2020,1.48,8/1/2020
8/21/2020,1.52,8/1/2020
8/24/2020,1.57,8/1/2020
8/25/2020,1.6,8/1/2020
8/26/2020,1.63,8/1/2020
8/27/2020,1.65,8/1/2020
8/28/2020,1.68,8/1/2020
8/31/2020,1.69,8/1/2020
9/1/2020,1.65,9/1/2020
9/2/2020,1.61,9/1/2020
9/3/2020,1.53,9/1/2020
9/4/2020,1.57,9/1/2020
9/7/2020,,9/1/2020
9/8/2020,1.55,9/1/2020
9/9/2020,1.57,9/1/2020
9/10/2020,1.54,9/1/2020
9/11/2020,1.53,9/1/2020
9/14/2020,1.54,9/1/2020
9/15/2020,1.54,9/1/2020
9/16/2020,1.57,9/1/2020
9/17/2020,1.57,9/1/2020
9/18/2020,1.58,9/1/2020
9/21/2020,1.5,9/1/2020
9/22/2020,1.5,9/1/2020
9/23/2020,1.48,9/1/2020
9/24/2020,1.45,9/1/2020
9/25/2020,1.43,9/1/2020
9/28/2020,1.48,9/1/2020
9/29/2020,1.49,9/1/2020
9/30/2020,1.5,9/1/2020
10/1/2020,1.48,10/1/2020
10/2/2020,1.48,10/1/2020
10/5/2020,1.52,10/1/2020
10/6/2020,1.51,10/1/2020
10/7/2020,1.54,10/1/2020
10/8/2020,1.56,10/1/2020
10/9/2020,1.56,10/1/2020
10/12/2020,,10/1/2020
10/13/2020,1.52,10/1/2020
10/14/2020,1.52,10/1/2020
10/15/2020,1.52,10/1/2020
10/16/2020,1.53,10/1/2020
10/19/2020,1.53,10/1/2020
10/20/2020,1.53,10/1/2020
10/21/2020,1.56,10/1/2020
10/22/2020,1.68,10/1/2020
10/23/2020,1.66,10/1/2020
10/26/2020,1.63,10/1/2020
10/27/2020,1.64,10/1/2020
10/28/2020,1.61,10/1/2020
10/29/2020,1.61,10/1/2020
10/30/2020,1.59,10/1/2020
11/2/2020,1.6,11/1/2020
11/3/2020,1.62,11/1/2020
11/4/2020,1.56,11/1/2020
11/5/2020,1.55,11/1/2020
11/6/2020,1.54,11/1/2020
11/9/2020,1.63,11/1/2020
11/10/2020,1.69,11/1/2020
11/11/2020,,11/1/2020
11/12/2020,1.63,11/1/2020
11/13/2020,1.64,11/1/2020
11/16/2020,1.64,11/1/2020
11/17/2020,1.63,11/1/2020
11/18/2020,1.63,11/1/2020
11/19/2020,1.62,11/1/2020
11/20/2020,1.61,11/1/2020
11/23/2020,1.62,11/1/2020
11/24/2020,1.65,11/1/2020
11/25/2020,1.67,11/1/2020
11/26/2020,,11/1/2020
11/27/2020,1.67,11/1/2020
11/30/2020,1.68,11/1/2020
12/1/2020,1.72,12/1/2020
12/2/2020,1.76,12/1/2020
12/3/2020,1.78,12/1/2020
12/4/2020,1.83,12/1/2020
12/7/2020,1.84,12/1/2020
12/8/2020,1.84,12/1/2020
12/9/2020,1.84,12/1/2020
12/10/2020,1.83,12/1/2020
12/11/2020,1.82,12/1/2020
12/14/2020,1.84,12/1/2020
12/15/2020,1.86,12/1/2020
12/16/2020,1.9,12/1/2020
12/17/2020,1.9,12/1/2020
12/18/2020,1.92,12/1/2020
12/21/2020,1.9,12/1/2020
12/22/2020,1.92,12/1/2020
12/23/2020,1.93,12/1/2020
12/24/2020,1.92,12/1/2020
12/25/2020,,12/1/2020
12/28/2020,1.92,12/1/2020
12/29/2020,1.9,12/1/2020
12/30/2020,1.92,12/1/2020
12/31/2020,1.95,12/1/2020
1/1/2021,,1/1/2021
1/4/2021,1.98,1/1/2021
1/5/2021,2.01,1/1/2021
1/6/2021,2.04,1/1/2021
1/7/2021,2.09,1/1/2021
1/8/2021,2.07,1/1/2021
1/11/2021,2.04,1/1/2021
1/12/2021,2.06,1/1/2021
1/13/2021,2.04,1/1/2021
1/14/2021,2.09,1/1/2021
1/15/2021,2.09,1/1/2021
1/18/2021,,1/1/2021
1/19/2021,2.12,1/1/2021
1/20/2021,2.15,1/1/2021
1/21/2021,2.18,1/1/2021
1/22/2021,2.16,1/1/2021
1/25/2021,2.15,1/1/2021
1/26/2021,2.15,1/1/2021
1/27/2021,2.15,1/1/2021
1/28/2021,2.18,1/1/2021
1/29/2021,2.21,1/1/2021
2/1/2021,2.18,2/1/2021
2/2/2021,2.23,2/1/2021
2/3/2021,2.27,2/1/2021
2/4/2021,2.25,2/1/2021
2/5/2021,2.28,2/1/2021
2/8/2021,2.31,2/1/2021
2/9/2021,2.31,2/1/2021
2/10/2021,2.31,2/1/2021
2/11/2021,2.32,2/1/2021
2/12/2021,2.35,2/1/2021
2/15/2021,,2/1/2021
2/16/2021,2.37,2/1/2021
2/17/2021,2.35,2/1/2021
2/18/2021,2.29,2/1/2021
2/19/2021,2.29,2/1/2021
2/22/2021,2.35,2/1/2021
2/23/2021,2.35,2/1/2021
2/24/2021,2.38,2/1/2021
2/25/2021,2.34,2/1/2021
2/26/2021,2.39,2/1/2021
3/1/2021,2.4,3/1/2021
3/2/2021,2.43,3/1/2021
3/3/2021,2.45,3/1/2021
3/4/2021,2.43,3/1/2021
3/5/2021,2.43,3/1/2021
3/8/2021,2.42,3/1/2021
3/9/2021,2.41,3/1/2021
3/10/2021,2.47,3/1/2021
3/11/2021,2.51,3/1/2021
3/12/2021,2.51,3/1/2021
3/15/2021,2.54,3/1/2021
3/16/2021,2.59,3/1/2021
3/17/2021,2.58,3/1/2021
3/18/2021,2.5,3/1/2021
3/19/2021,2.51,3/1/2021
3/22/2021,2.51,3/1/2021
3/23/2021,2.48,3/1/2021
3/24/2021,2.53,3/1/2021
3/25/2021,2.54,3/1/2021
3/26/2021,2.57,3/1/2021
3/29/2021,2.56,3/1/2021
3/30/2021,2.52,3/1/2021
3/31/2021,2.54,3/1/2021
4/1/2021,2.55,4/1/2021
4/2/2021,2.58,4/1/2021
4/5/2021,2.55,4/1/2021
4/6/2021,2.52,4/1/2021
4/7/2021,2.53,4/1/2021
4/8/2021,2.55,4/1/2021
4/9/2021,2.51,4/1/2021
4/12/2021,2.52,4/1/2021
4/13/2021,2.54,4/1/2021
4/14/2021,2.56,4/1/2021
4/15/2021,2.55,4/1/2021
4/16/2021,2.57,4/1/2021
4/19/2021,2.56,4/1/2021
4/20/2021,2.52,4/1/2021
4/21/2021,2.53,4/1/2021
4/22/2021,2.42,4/1/2021
4/23/2021,2.44,4/1/2021
4/26/2021,2.47,4/1/2021
4/27/2021,2.51,4/1/2021
4/28/2021,2.54,4/1/2021
4/29/2021,2.56,4/1/2021
4/30/2021,2.57,4/1/2021
5/3/2021,2.6,5/1/2021
5/4/2021,2.62,5/1/2021
5/5/2021,2.68,5/1/2021
5/6/2021,2.66,5/1/2021
5/7/2021,2.65,5/1/2021
5/10/2021,2.71,5/1/2021
5/11/2021,2.68,5/1/2021
5/12/2021,2.72,5/1/2021
5/13/2021,2.65,5/1/2021
5/14/2021,2.68,5/1/2021
5/17/2021,2.72,5/1/2021
5/18/2021,2.72,5/1/2021
5/19/2021,2.66,5/1/2021
5/20/2021,2.59,5/1/2021
5/21/2021,2.62,5/1/2021
5/24/2021,2.64,5/1/2021
5/25/2021,2.63,5/1/2021
5/26/2021,2.6,5/1/2021
5/27/2021,2.59,5/1/2021
5/28/2021,2.57,5/1/2021
5/31/2021,,5/1/2021
6/1/2021,2.6,6/1/2021
6/2/2021,2.59,6/1/2021
6/3/2021,2.56,6/1/2021
6/4/2021,2.54,6/1/2021
6/7/2021,2.51,6/1/2021
6/8/2021,2.47,6/1/2021
6/9/2021,2.41,6/1/2021
6/10/2021,2.47,6/1/2021
6/11/2021,2.43,6/1/2021
6/14/2021,2.44,6/1/2021
6/15/2021,2.46,6/1/2021
6/16/2021,2.41,6/1/2021
6/17/2021,2.31,6/1/2021
6/18/2021,2.37,6/1/2021
6/21/2021,2.41,6/1/2021
6/22/2021,2.46,6/1/2021
6/23/2021,2.49,6/1/2021
6/24/2021,2.45,6/1/2021
6/25/2021,2.46,6/1/2021
6/28/2021,2.45,6/1/2021
6/29/2021,2.46,6/1/2021
6/30/2021,2.47,6/1/2021
7/1/2021,2.49,7/1/2021
7/2/2021,2.49,7/1/2021
7/5/2021,,7/1/2021
7/6/2021,2.48,7/1/2021
7/7/2021,2.43,7/1/2021
7/8/2021,2.38,7/1/2021
7/9/2021,2.44,7/1/2021
7/12/2021,2.48,7/1/2021
7/13/2021,2.56,7/1/2021
7/14/2021,2.53,7/1/2021
7/15/2021,2.53,7/1/2021
7/16/2021,2.52,7/1/2021
7/19/2021,2.41,7/1/2021
7/20/2021,2.4,7/1/2021
7/21/2021,2.45,7/1/2021
7/22/2021,2.46,7/1/2021
7/23/2021,2.53,7/1/2021
7/26/2021,2.59,7/1/2021
7/27/2021,2.55,7/1/2021
7/28/2021,2.57,7/1/2021
7/29/2021,2.58,7/1/2021
7/30/2021,2.56,7/1/2021
8/2/2021,2.51,8/1/2021
8/3/2021,2.51,8/1/2021
8/4/2021,2.5,8/1/2021
8/5/2021,2.46,8/1/2021
8/6/2021,2.5,8/1/2021
8/9/2021,2.5,8/1/2021
8/10/2021,2.53,8/1/2021
8/11/2021,2.55,8/1/2021
8/12/2021,2.55,8/1/2021
8/13/2021,2.52,8/1/2021
8/16/2021,2.5,8/1/2021
8/17/2021,2.49,8/1/2021
8/18/2021,2.48,8/1/2021
8/19/2021,2.45,8/1/2021
8/20/2021,2.4,8/1/2021
8/23/2021,2.43,8/1/2021
8/24/2021,2.45,8/1/2021
8/25/2021,2.51,8/1/2021
8/26/2021,2.5,8/1/2021
8/27/2021,2.53,8/1/2021
8/30/2021,2.51,8/1/2021
8/31/2021,2.48,8/1/2021
9/1/2021,2.48,9/1/2021
9/2/2021,2.47,9/1/2021
9/3/2021,2.48,9/1/2021
9/6/2021,,9/1/2021
9/7/2021,2.51,9/1/2021
9/8/2021,2.53,9/1/2021
9/9/2021,2.55,9/1/2021
9/10/2021,2.55,9/1/2021
9/13/2021,2.53,9/1/2021
9/14/2021,2.49,9/1/2021
9/15/2021,2.51,9/1/2021
9/16/2021,2.53,9/1/2021
9/17/2021,2.51,9/1/2021
9/20/2021,2.43,9/1/2021
9/21/2021,2.44,9/1/2021
9/22/2021,2.41,9/1/2021
9/23/2021,2.48,9/1/2021
9/24/2021,2.47,9/1/2021
9/27/2021,2.5,9/1/2021
9/28/2021,2.53,9/1/2021
9/29/2021,2.52,9/1/2021
9/30/2021,2.51,9/1/2021
10/1/2021,2.51,10/1/2021
10/4/2021,2.53,10/1/2021
10/5/2021,2.59,10/1/2021
10/6/2021,2.57,10/1/2021
10/7/2021,2.61,10/1/2021
10/8/2021,2.64,10/1/2021
10/11/2021,,10/1/2021
10/12/2021,2.64,10/1/2021
10/13/2021,2.68,10/1/2021
10/14/2021,2.69,10/1/2021
10/15/2021,2.71,10/1/2021
10/18/2021,2.71,10/1/2021
10/19/2021,2.71,10/1/2021
10/20/2021,2.77,10/1/2021
10/21/2021,2.94,10/1/2021
10/22/2021,2.91,10/1/2021
10/25/2021,2.95,10/1/2021
10/26/2021,2.99,10/1/2021
10/27/2021,2.96,10/1/2021
10/28/2021,2.9,10/1/2021
10/29/2021,2.89,10/1/2021
11/1/2021,2.86,11/1/2021
11/2/2021,2.84,11/1/2021
11/3/2021,2.86,11/1/2021
11/4/2021,2.88,11/1/2021
11/5/2021,2.87,11/1/2021
11/8/2021,2.94,11/1/2021
11/9/2021,2.96,11/1/2021
11/10/2021,3.08,11/1/2021
11/11/2021,,11/1/2021
11/12/2021,3.11,11/1/2021
11/15/2021,3.17,11/1/2021
11/16/2021,3.17,11/1/2021
11/17/2021,3.14,11/1/2021
11/18/2021,3.11,11/1/2021
11/19/2021,3.02,11/1/2021
11/22/2021,2.98,11/1/2021
11/23/2021,3,11/1/2021
11/24/2021,3.03,11/1/2021
11/25/2021,,11/1/2021
11/26/2021,2.92,11/1/2021
11/29/2021,2.91,11/1/2021
11/30/2021,2.8,11/1/2021
12/1/2021,2.7,12/1/2021
12/2/2021,2.73,12/1/2021
12/3/2021,2.72,12/1/2021
12/6/2021,2.79,12/1/2021
12/7/2021,2.84,12/1/2021
12/8/2021,2.88,12/1/2021
12/9/2021,2.8,12/1/2021
12/10/2021,2.76,12/1/2021
12/13/2021,2.73,12/1/2021
12/14/2021,2.66,12/1/2021
12/15/2021,2.67,12/1/2021
12/16/2021,2.7,12/1/2021
12/17/2021,2.65,12/1/2021
12/20/2021,2.65,12/1/2021
12/21/2021,2.69,12/1/2021
12/22/2021,2.7,12/1/2021
12/23/2021,2.72,12/1/2021
12/24/2021,,12/1/2021
12/27/2021,2.75,12/1/2021
12/28/2021,2.78,12/1/2021
12/29/2021,2.83,12/1/2021
12/30/2021,2.86,12/1/2021
12/31/2021,2.87,12/1/2021
1/3/2022,2.95,1/1/2022
1/4/2022,2.93,1/1/2022
1/5/2022,2.87,1/1/2022
1/6/2022,2.77,1/1/2022
1/7/2022,2.78,1/1/2022
1/10/2022,2.77,1/1/2022
1/11/2022,2.87,1/1/2022
1/12/2022,2.82,1/1/2022
1/13/2022,2.77,1/1/2022
1/14/2022,2.79,1/1/2022
1/17/2022,,1/1/2022
1/18/2022,2.8,1/1/2022
1/19/2022,2.73,1/1/2022
1/20/2022,2.74,1/1/2022
1/21/2022,2.7,1/1/2022
1/24/2022,2.74,1/1/2022
1/25/2022,2.78,1/1/2022
1/26/2022,2.75,1/1/2022
1/27/2022,2.76,1/1/2022
1/28/2022,2.8,1/1/2022
1/31/2022,2.82,1/1/2022
2/1/2022,2.8,2/1/2022
2/2/2022,2.79,2/1/2022
2/3/2022,2.76,2/1/2022
2/4/2022,2.78,2/1/2022
2/7/2022,2.75,2/1/2022
2/8/2022,2.77,2/1/2022
2/9/2022,2.78,2/1/2022
2/10/2022,2.81,2/1/2022
2/11/2022,2.82,2/1/2022
2/14/2022,2.91,2/1/2022
2/15/2022,2.89,2/1/2022
2/16/2022,2.87,2/1/2022
2/17/2022,2.87,2/1/2022
2/18/2022,2.86,2/1/2022
2/21/2022,,2/1/2022
2/22/2022,2.89,2/1/2022
2/23/2022,3.01,2/1/2022
2/24/2022,3.05,2/1/2022
2/25/2022,3.02,2/1/2022
2/28/2022,3.11,2/1/2022
3/1/2022,3.14,3/1/2022
3/2/2022,3.23,3/1/2022
3/3/2022,3.17,3/1/2022
3/4/2022,3.19,3/1/2022
3/7/2022,3.29,3/1/2022
3/8/2022,3.43,3/1/2022
3/9/2022,3.33,3/1/2022
3/10/2022,3.42,3/1/2022
3/11/2022,3.52,3/1/2022
3/14/2022,3.5,3/1/2022
3/15/2022,3.42,3/1/2022
3/16/2022,3.34,3/1/2022
3/17/2022,3.51,3/1/2022
3/18/2022,3.48,3/1/2022
3/21/2022,3.52,3/1/2022
3/22/2022,3.52,3/1/2022
3/23/2022,3.57,3/1/2022
3/24/2022,3.57,3/1/2022
3/25/2022,3.59,3/1/2022
3/28/2022,3.56,3/1/2022
3/29/2022,3.4,3/1/2022
3/30/2022,3.41,3/1/2022
3/31/2022,3.34,3/1/2022
4/1/2022,3.28,4/1/2022
4/4/2022,3.28,4/1/2022
4/5/2022,3.31,4/1/2022
4/6/2022,3.28,4/1/2022
4/7/2022,3.26,4/1/2022
4/8/2022,3.33,4/1/2022
4/11/2022,3.37,4/1/2022
4/12/2022,3.31,4/1/2022
4/13/2022,3.25,4/1/2022
4/14/2022,3.33,4/1/2022
4/15/2022,,4/1/2022
4/18/2022,3.36,4/1/2022
4/19/2022,3.36,4/1/2022
4/20/2022,3.36,4/1/2022
4/21/2022,3.37,4/1/2022
4/22/2022,3.37,4/1/2022
4/25/2022,3.27,4/1/2022
4/26/2022,3.25,4/1/2022
4/27/2022,3.28,4/1/2022
4/28/2022,3.39,4/1/2022
4/29/2022,3.3,4/1/2022
5/2/2022,3.21,5/1/2022
5/3/2022,3.21,5/1/2022
5/4/2022,3.24,5/1/2022
5/5/2022,3.23,5/1/2022
5/6/2022,3.22,5/1/2022
5/9/2022,3.06,5/1/2022
5/10/2022,2.92,5/1/2022
5/11/2022,3,5/1/2022
5/12/2022,2.89,5/1/2022
5/13/2022,3.03,5/1/2022
5/16/2022,3.04,5/1/2022
5/17/2022,3.08,5/1/2022
5/18/2022,3.05,5/1/2022
5/19/2022,2.97,5/1/2022
5/20/2022,2.88,5/1/2022
5/23/2022,2.92,5/1/2022
5/24/2022,2.87,5/1/2022
5/25/2022,2.88,5/1/2022
5/26/2022,2.96,5/1/2022
5/27/2022,2.95,5/1/2022
5/30/2022,,5/1/2022
5/31/2022,2.96,5/1/2022
6/1/2022,2.96,6/1/2022
6/2/2022,2.97,6/1/2022
6/3/2022,3.04,6/1/2022
6/6/2022,3.05,6/1/2022
6/7/2022,3.03,6/1/2022
6/8/2022,3.06,6/1/2022
6/9/2022,3.08,6/1/2022
6/10/2022,3.13,6/1/2022
6/13/2022,3.11,6/1/2022
6/14/2022,2.88,6/1/2022
6/15/2022,3,6/1/2022
6/16/2022,2.87,6/1/2022
6/17/2022,2.8,6/1/2022
6/20/2022,,6/1/2022
6/21/2022,2.84,6/1/2022
6/22/2022,2.74,6/1/2022
6/23/2022,2.69,6/1/2022
6/24/2022,2.82,6/1/2022
6/27/2022,2.79,6/1/2022
6/28/2022,2.73,6/1/2022
6/29/2022,2.59,6/1/2022
6/30/2022,2.58,6/1/2022
7/1/2022,2.6,7/1/2022
7/4/2022,,7/1/2022
7/5/2022,2.51,7/1/2022
7/6/2022,2.48,7/1/2022
7/7/2022,2.53,7/1/2022
7/8/2022,2.62,7/1/2022
7/11/2022,2.56,7/1/2022
7/12/2022,2.5,7/1/2022
7/13/2022,2.51,7/1/2022
7/14/2022,2.54,7/1/2022
7/15/2022,2.59,7/1/2022
7/18/2022,2.63,7/1/2022
7/19/2022,2.67,7/1/2022
7/20/2022,2.67,7/1/2022
7/21/2022,2.55,7/1/2022
7/22/2022,2.56,7/1/2022
7/25/2022,2.58,7/1/2022
7/26/2022,2.56,7/1/2022
7/27/2022,2.61,7/1/2022
7/28/2022,2.67,7/1/2022
7/29/2022,2.73,7/1/2022
8/1/2022,2.72,8/1/2022
8/2/2022,2.69,8/1/2022
8/3/2022,2.72,8/1/2022
8/4/2022,2.64,8/1/2022
8/5/2022,2.64,8/1/2022
8/8/2022,2.65,8/1/2022
8/9/2022,2.66,8/1/2022
8/10/2022,2.61,8/1/2022
8/11/2022,2.67,8/1/2022
8/12/2022,2.67,8/1/2022
8/15/2022,2.62,8/1/2022
8/16/2022,2.61,8/1/2022
8/17/2022,2.65,8/1/2022
8/18/2022,2.7,8/1/2022
8/19/2022,2.72,8/1/2022
8/22/2022,2.74,8/1/2022
8/23/2022,2.77,8/1/2022
8/24/2022,2.79,8/1/2022
8/25/2022,2.77,8/1/2022
8/26/2022,2.73,8/1/2022
8/29/2022,2.71,8/1/2022
8/30/2022,2.67,8/1/2022
8/31/2022,2.58,8/1/2022
9/1/2022,2.52,9/1/2022
9/2/2022,2.55,9/1/2022
9/5/2022,,9/1/2022
9/6/2022,2.56,9/1/2022
9/7/2022,2.51,9/1/2022
9/8/2022,2.46,9/1/2022
9/9/2022,2.51,9/1/2022
9/12/2022,2.52,9/1/2022
9/13/2022,2.56,9/1/2022
9/14/2022,2.62,9/1/2022
9/15/2022,2.57,9/1/2022
9/16/2022,2.49,9/1/2022
9/19/2022,2.44,9/1/2022
9/20/2022,2.48,9/1/2022
9/21/2022,2.47,9/1/2022
9/22/2022,2.45,9/1/2022
9/23/2022,2.38,9/1/2022
9/26/2022,2.33,9/1/2022
9/27/2022,2.35,9/1/2022
9/28/2022,2.37,9/1/2022
9/29/2022,2.18,9/1/2022
9/30/2022,2.14,9/1/2022
10/3/2022,2.26,10/1/2022
10/4/2022,2.28,10/1/2022
10/5/2022,2.26,10/1/2022
10/6/2022,2.29,10/1/2022
10/7/2022,2.36,10/1/2022
10/10/2022,,10/1/2022
10/11/2022,2.36,10/1/2022
10/12/2022,2.32,10/1/2022
10/13/2022,2.38,10/1/2022
10/14/2022,2.44,10/1/2022
10/17/2022,2.48,10/1/2022
10/18/2022,2.42,10/1/2022
10/19/2022,2.46,10/1/2022
10/20/2022,2.65,10/1/2022
10/21/2022,2.69,10/1/2022
10/24/2022,2.72,10/1/2022
10/25/2022,2.62,10/1/2022
10/26/2022,2.56,10/1/2022
10/27/2022,2.57,10/1/2022
10/28/2022,2.62,10/1/2022
10/31/2022,2.67,10/1/2022
11/1/2022,2.65,11/1/2022
11/2/2022,2.68,11/1/2022
11/3/2022,2.54,11/1/2022
11/4/2022,2.61,11/1/2022
11/7/2022,2.67,11/1/2022
11/8/2022,2.61,11/1/2022
11/9/2022,2.53,11/1/2022
11/10/2022,2.47,11/1/2022
11/11/2022,,11/1/2022
11/14/2022,2.42,11/1/2022
11/15/2022,2.4,11/1/2022
11/16/2022,2.35,11/1/2022
11/17/2022,2.32,11/1/2022
11/18/2022,2.28,11/1/2022
11/21/2022,2.34,11/1/2022
11/22/2022,2.35,11/1/2022
11/23/2022,2.33,11/1/2022
11/24/2022,,11/1/2022
11/25/2022,2.34,11/1/2022
11/28/2022,2.29,11/1/2022
11/29/2022,2.3,11/1/2022
11/30/2022,2.41,11/1/2022
12/1/2022,2.45,12/1/2022
12/2/2022,2.51,12/1/2022
12/5/2022,2.46,12/1/2022
12/6/2022,2.38,12/1/2022
12/7/2022,2.33,12/1/2022
12/8/2022,2.36,12/1/2022
12/9/2022,2.3,12/1/2022
12/12/2022,2.35,12/1/2022
12/13/2022,2.31,12/1/2022
12/14/2022,2.25,12/1/2022
12/15/2022,2.21,12/1/2022
12/16/2022,2.14,12/1/2022
12/19/2022,2.19,12/1/2022
12/20/2022,2.26,12/1/2022
12/21/2022,2.31,12/1/2022
12/22/2022,2.24,12/1/2022
12/23/2022,2.29,12/1/2022
12/26/2022,,12/1/2022
12/27/2022,2.33,12/1/2022
12/28/2022,2.33,12/1/2022
12/29/2022,2.32,12/1/2022
12/30/2022,2.33,12/1/2022
1/2/2023,,1/1/2023
1/3/2023,2.29,1/1/2023
1/4/2023,2.21,1/1/2023
1/5/2023,2.22,1/1/2023
1/6/2023,2.18,1/1/2023
1/9/2023,2.18,1/1/2023
1/10/2023,2.2,1/1/2023
1/11/2023,2.21,1/1/2023
1/12/2023,2.21,1/1/2023
1/13/2023,2.2,1/1/2023
1/16/2023,,1/1/2023
1/17/2023,2.18,1/1/2023
1/18/2023,2.09,1/1/2023
1/19/2023,2.21,1/1/2023
1/20/2023,2.23,1/1/2023
1/23/2023,2.28,1/1/2023
1/24/2023,2.29,1/1/2023
1/25/2023,2.28,1/1/2023
1/26/2023,2.32,1/1/2023
1/27/2023,2.33,1/1/2023
1/30/2023,2.3,1/1/2023
1/31/2023,2.27,1/1/2023
2/1/2023,2.29,2/1/2023
2/2/2023,2.26,2/1/2023
2/3/2023,2.27,2/1/2023
2/6/2023,2.33,2/1/2023
2/7/2023,2.4,2/1/2023
2/8/2023,2.46,2/1/2023
2/9/2023,2.45,2/1/2023
2/10/2023,2.47,2/1/2023
2/13/2023,2.44,2/1/2023
2/14/2023,2.45,2/1/2023
2/15/2023,2.51,2/1/2023
2/16/2023,2.52,2/1/2023
2/17/2023,2.5,2/1/2023
2/20/2023,,2/1/2023
2/21/2023,2.58,2/1/2023
2/22/2023,2.52,2/1/2023
2/23/2023,2.5,2/1/2023
2/24/2023,2.47,2/1/2023
2/27/2023,2.49,2/1/2023
2/28/2023,2.58,2/1/2023
3/1/2023,2.59,3/1/2023
3/2/2023,2.65,3/1/2023
3/3/2023,2.71,3/1/2023
3/6/2023,2.7,3/1/2023
3/7/2023,2.54,3/1/2023
3/8/2023,2.47,3/1/2023
3/9/2023,2.43,3/1/2023
3/10/2023,2.34,3/1/2023
3/13/2023,2.26,3/1/2023
3/14/2023,2.35,3/1/2023
3/15/2023,2.33,3/1/2023
3/16/2023,2.26,3/1/2023
3/17/2023,2.1,3/1/2023
3/20/2023,2.14,3/1/2023
3/21/2023,2.25,3/1/2023
3/22/2023,2.31,3/1/2023
3/23/2023,2.26,3/1/2023
3/24/2023,2.21,3/1/2023
3/27/2023,2.27,3/1/2023
3/28/2023,2.34,3/1/2023
3/29/2023,2.38,3/1/2023
3/30/2023,2.4,3/1/2023
3/31/2023,2.4,3/1/2023
4/3/2023,2.39,4/1/2023
4/4/2023,2.32,4/1/2023
4/5/2023,2.29,4/1/2023
4/6/2023,2.31,4/1/2023
4/7/2023,2.33,4/1/2023
4/10/2023,2.34,4/1/2023
4/11/2023,2.36,4/1/2023
4/12/2023,2.29,4/1/2023
4/13/2023,2.29,4/1/2023
4/14/2023,2.31,4/1/2023
4/17/2023,2.35,4/1/2023
4/18/2023,2.33,4/1/2023
4/19/2023,2.33,4/1/2023
4/20/2023,2.28,4/1/2023
4/21/2023,2.3,4/1/2023
4/24/2023,2.33,4/1/2023
4/25/2023,2.26,4/1/2023
4/26/2023,2.26,4/1/2023
4/27/2023,2.29,4/1/2023
4/28/2023,2.2,4/1/2023
5/1/2023,2.24,5/1/2023
5/2/2023,2.18,5/1/2023
5/3/2023,2.19,5/1/2023
5/4/2023,2.13,5/1/2023
5/5/2023,2.19,5/1/2023
5/8/2023,2.22,5/1/2023
5/9/2023,2.22,5/1/2023
5/10/2023,2.13,5/1/2023
5/11/2023,2.1,5/1/2023
5/12/2023,2.11,5/1/2023
5/15/2023,2.12,5/1/2023
5/16/2023,2.11,5/1/2023
5/17/2023,2.16,5/1/2023
5/18/2023,2.16,5/1/2023
5/19/2023,2.19,5/1/2023
5/22/2023,2.18,5/1/2023
5/23/2023,2.21,5/1/2023
5/24/2023,2.14,5/1/2023
5/25/2023,2.12,5/1/2023
5/26/2023,2.13,5/1/2023
5/29/2023,,5/1/2023
5/30/2023,2.12,5/1/2023
5/31/2023,2.07,5/1/2023
6/1/2023,2.07,6/1/2023
6/2/2023,2.13,6/1/2023
6/5/2023,2.15,6/1/2023
6/6/2023,2.14,6/1/2023
6/7/2023,2.15,6/1/2023
6/8/2023,2.14,6/1/2023
6/9/2023,2.13,6/1/2023
6/12/2023,2.09,6/1/2023
6/13/2023,2.12,6/1/2023
6/14/2023,2.15,6/1/2023
6/15/2023,2.16,6/1/2023
6/16/2023,2.17,6/1/2023
6/19/2023,,6/1/2023
6/20/2023,2.14,6/1/2023
6/21/2023,2.15,6/1/2023
6/22/2023,2.18,6/1/2023
6/23/2023,2.16,6/1/2023
6/26/2023,2.13,6/1/2023
6/27/2023,2.12,6/1/2023
6/28/2023,2.12,6/1/2023
6/29/2023,2.15,6/1/2023
6/30/2023,2.18,6/1/2023
7/3/2023,2.21,7/1/2023
7/4/2023,,7/1/2023
7/5/2023,2.2,7/1/2023
7/6/2023,2.22,7/1/2023
7/7/2023,2.22,7/1/2023
7/10/2023,2.19,7/1/2023
7/11/2023,2.16,7/1/2023
7/12/2023,2.18,7/1/2023
7/13/2023,2.16,7/1/2023
7/14/2023,2.15,7/1/2023
7/17/2023,2.16,7/1/2023
7/18/2023,2.13,7/1/2023
7/19/2023,2.13,7/1/2023
7/20/2023,2.21,7/1/2023
7/21/2023,2.23,7/1/2023
7/24/2023,2.28,7/1/2023
7/25/2023,2.26,7/1/2023
7/26/2023,2.24,7/1/2023
7/27/2023,2.27,7/1/2023
7/28/2023,2.28,7/1/2023
7/31/2023,2.27,7/1/2023
8/1/2023,2.26,8/1/2023
8/2/2023,2.25,8/1/2023
8/3/2023,2.24,8/1/2023
8/4/2023,2.26,8/1/2023
8/7/2023,2.29,8/1/2023
8/8/2023,2.24,8/1/2023
8/9/2023,2.23,8/1/2023
8/10/2023,2.25,8/1/2023
8/11/2023,2.3,8/1/2023
8/14/2023,2.29,8/1/2023
8/15/2023,2.24,8/1/2023
8/16/2023,2.23,8/1/2023
8/17/2023,2.24,8/1/2023
8/18/2023,2.22,8/1/2023
8/21/2023,2.25,8/1/2023
8/22/2023,2.27,8/1/2023
8/23/2023,2.26,8/1/2023
8/24/2023,2.24,8/1/2023
8/25/2023,2.25,8/1/2023
8/28/2023,2.21,8/1/2023
8/29/2023,2.18,8/1/2023
8/30/2023,2.16,8/1/2023
8/31/2023,2.15,8/1/2023
9/1/2023,2.17,9/1/2023
9/4/2023,,9/1/2023
9/5/2023,2.21,9/1/2023
9/6/2023,2.23,9/1/2023
9/7/2023,2.24,9/1/2023
9/8/2023,2.26,9/1/2023
9/11/2023,2.26,9/1/2023
9/12/2023,2.27,9/1/2023
9/13/2023,2.28,9/1/2023
9/14/2023,2.27,9/1/2023
9/15/2023,2.27,9/1/2023
9/18/2023,2.29,9/1/2023
9/19/2023,2.3,9/1/2023
9/20/2023,2.27,9/1/2023
9/21/2023,2.29,9/1/2023
9/22/2023,2.29,9/1/2023
9/25/2023,2.25,9/1/2023
9/26/2023,2.2,9/1/2023
9/27/2023,2.23,9/1/2023
9/28/2023,2.27,9/1/2023
9/29/2023,2.22,9/1/2023
10/2/2023,2.23,10/1/2023
10/3/2023,2.21,10/1/2023
10/4/2023,2.18,10/1/2023
10/5/2023,2.14,10/1/2023
10/6/2023,2.17,10/1/2023
10/9/2023,,10/1/2023
10/10/2023,2.18,10/1/2023
10/11/2023,2.2,10/1/2023
10/12/2023,2.23,10/1/2023
10/13/2023,2.26,10/1/2023
10/16/2023,2.3,10/1/2023
10/17/2023,2.32,10/1/2023
10/18/2023,2.35,10/1/2023
10/19/2023,2.52,10/1/2023
10/20/2023,2.47,10/1/2023
10/23/2023,2.41,10/1/2023
10/24/2023,2.38,10/1/2023
10/25/2023,2.4,10/1/2023
10/26/2023,2.37,10/1/2023
10/27/2023,2.39,10/1/2023
10/30/2023,2.4,10/1/2023
10/31/2023,2.4,10/1/2023
11/1/2023,2.36,11/1/2023
11/2/2023,2.35,11/1/2023
11/3/2023,2.32,11/1/2023
11/6/2023,2.35,11/1/2023
11/7/2023,2.32,11/1/2023
11/8/2023,2.29,11/1/2023
11/9/2023,2.3,11/1/2023
11/10/2023,2.28,11/1/2023
11/13/2023,2.29,11/1/2023
11/14/2023,2.23,11/1/2023
11/15/2023,2.24,11/1/2023
11/16/2023,2.2,11/1/2023
11/17/2023,2.23,11/1/2023
11/20/2023,2.26,11/1/2023
11/21/2023,2.19,11/1/2023
11/22/2023,2.21,11/1/2023
11/23/2023,,11/1/2023
11/24/2023,2.21,11/1/2023
11/27/2023,2.12,11/1/2023
11/28/2023,2.15,11/1/2023
11/29/2023,2.14,11/1/2023
11/30/2023,2.15,11/1/2023
12/1/2023,2.12,12/1/2023
12/4/2023,2.13,12/1/2023
12/5/2023,2.09,12/1/2023
12/6/2023,2.05,12/1/2023
12/7/2023,2.06,12/1/2023
12/8/2023,2.11,12/1/2023
12/11/2023,2.11,12/1/2023
12/12/2023,2.08,12/1/2023
12/13/2023,2.08,12/1/2023
12/14/2023,2.18,12/1/2023
12/15/2023,2.17,12/1/2023
12/18/2023,2.18,12/1/2023
12/19/2023,2.17,12/1/2023
12/20/2023,2.16,12/1/2023
12/21/2023,2.18,12/1/2023
12/22/2023,2.16,12/1/2023
12/25/2023,,12/1/2023
12/26/2023,2.17,12/1/2023
12/27/2023,2.12,12/1/2023
12/28/2023,2.11,12/1/2023
12/29/2023,2.12,12/1/2023
1/1/2024,,1/1/2024
1/2/2024,2.17,1/1/2024
1/3/2024,2.17,1/1/2024
1/4/2024,2.18,1/1/2024
1/5/2024,2.19,1/1/2024
1/8/2024,2.19,1/1/2024
1/9/2024,2.17,1/1/2024
1/10/2024,2.18,1/1/2024
1/11/2024,2.18,1/1/2024
1/12/2024,2.22,1/1/2024
1/15/2024,,1/1/2024
1/16/2024,2.24,1/1/2024
1/17/2024,2.24,1/1/2024
1/18/2024,2.28,1/1/2024
1/19/2024,2.3,1/1/2024
1/22/2024,2.27,1/1/2024
1/23/2024,2.26,1/1/2024
1/24/2024,2.23,1/1/2024
1/25/2024,2.24,1/1/2024
1/26/2024,2.26,1/1/2024
1/29/2024,2.26,1/1/2024
1/30/2024,2.25,1/1/2024
1/31/2024,2.24,1/1/2024
2/1/2024,2.17,2/1/2024
2/2/2024,2.19,2/1/2024
2/5/2024,2.26,2/1/2024
2/6/2024,2.24,2/1/2024
2/7/2024,2.26,2/1/2024
2/8/2024,2.28,2/1/2024
2/9/2024,2.28,2/1/2024
2/12/2024,2.27,2/1/2024
2/13/2024,2.33,2/1/2024
2/14/2024,2.34,2/1/2024
2/15/2024,2.35,2/1/2024
2/16/2024,2.38,2/1/2024
2/19/2024,,2/1/2024
2/20/2024,2.37,2/1/2024
2/21/2024,2.39,2/1/2024
2/22/2024,2.37,2/1/2024
2/23/2024,2.34,2/1/2024
2/26/2024,2.36,2/1/2024
2/27/2024,2.38,2/1/2024
2/28/2024,2.38,2/1/2024
2/29/2024,2.4,2/1/2024
3/1/2024,2.4,3/1/2024
3/4/2024,2.42,3/1/2024
3/5/2024,2.39,3/1/2024
3/6/2024,2.38,3/1/2024
3/7/2024,2.34,3/1/2024
3/8/2024,2.34,3/1/2024
3/11/2024,2.32,3/1/2024
3/12/2024,2.35,3/1/2024
3/13/2024,2.37,3/1/2024
3/14/2024,2.37,3/1/2024
3/15/2024,2.39,3/1/2024
3/18/2024,2.39,3/1/2024
3/19/2024,2.38,3/1/2024
3/20/2024,2.4,3/1/2024
3/21/2024,2.43,3/1/2024
3/22/2024,2.41,3/1/2024
3/25/2024,2.41,3/1/2024
3/26/2024,2.38,3/1/2024
3/27/2024,2.37,3/1/2024
3/28/2024,2.38,3/1/2024
3/29/2024,,3/1/2024
4/1/2024,2.41,4/1/2024
4/2/2024,2.44,4/1/2024
4/3/2024,2.43,4/1/2024
4/4/2024,2.42,4/1/2024
4/5/2024,2.45,4/1/2024
4/8/2024,2.47,4/1/2024
4/9/2024,2.44,4/1/2024
4/10/2024,2.49,4/1/2024
4/11/2024,2.48,4/1/2024
4/12/2024,2.47,4/1/2024
4/15/2024,2.52,4/1/2024
4/16/2024,2.52,4/1/2024
4/17/2024,2.47,4/1/2024
4/18/2024,2.44,4/1/2024
4/19/2024,2.44,4/1/2024
4/22/2024,2.45,4/1/2024
4/23/2024,2.44,4/1/2024
4/24/2024,2.42,4/1/2024
4/25/2024,2.43,4/1/2024
4/26/2024,2.44,4/1/2024
4/29/2024,2.43,4/1/2024
4/30/2024,2.43,4/1/2024
5/1/2024,2.39,5/1/2024
5/2/2024,2.37,5/1/2024
5/3/2024,2.35,5/1/2024
5/6/2024,2.34,5/1/2024
5/7/2024,2.32,5/1/2024
5/8/2024,2.31,5/1/2024
5/9/2024,2.34,5/1/2024
5/10/2024,2.34,5/1/2024
5/13/2024,2.33,5/1/2024
5/14/2024,2.32,5/1/2024
5/15/2024,2.29,5/1/2024
5/16/2024,2.3,5/1/2024
5/17/2024,2.32,5/1/2024
5/20/2024,2.33,5/1/2024
5/21/2024,2.33,5/1/2024
5/22/2024,2.33,5/1/2024
5/23/2024,2.31,5/1/2024
5/24/2024,2.33,5/1/2024
5/27/2024,,5/1/2024
5/28/2024,2.33,5/1/2024
5/29/2024,2.36,5/1/2024
5/30/2024,2.35,5/1/2024
5/31/2024,2.34,5/1/2024
6/3/2024,2.31,6/1/2024
6/4/2024,2.28,6/1/2024
6/5/2024,2.27,6/1/2024
6/6/2024,2.25,6/1/2024
6/7/2024,2.28,6/1/2024
6/10/2024,2.27,6/1/2024
6/11/2024,2.25,6/1/2024
6/12/2024,2.17,6/1/2024
6/13/2024,2.14,6/1/2024
6/14/2024,2.11,6/1/2024
6/17/2024,2.16,6/1/2024
6/18/2024,2.17,6/1/2024
6/19/2024,,6/1/2024
6/20/2024,2.21,6/1/2024
6/21/2024,2.19,6/1/2024
6/24/2024,2.18,6/1/2024
6/25/2024,2.17,6/1/2024
6/26/2024,2.2,6/1/2024
6/27/2024,2.22,6/1/2024
6/28/2024,2.24,6/1/2024
7/1/2024,2.29,7/1/2024
7/2/2024,2.26,7/1/2024
7/3/2024,2.23,7/1/2024
7/4/2024,,7/1/2024
7/5/2024,2.22,7/1/2024
7/8/2024,2.22,7/1/2024
7/9/2024,2.21,7/1/2024
7/10/2024,2.22,7/1/2024
7/11/2024,2.18,7/1/2024
7/12/2024,2.15,7/1/2024
7/15/2024,2.2,7/1/2024
7/16/2024,2.2,7/1/2024
7/17/2024,2.19,7/1/2024
7/18/2024,2.19,7/1/2024
7/19/2024,2.18,7/1/2024
7/22/2024,2.18,7/1/2024
7/23/2024,2.17,7/1/2024
7/24/2024,2.13,7/1/2024
7/25/2024,2.13,7/1/2024
7/26/2024,2.13,7/1/2024
7/29/2024,2.13,7/1/2024
7/30/2024,2.12,7/1/2024
7/31/2024,2.13,7/1/2024
8/1/2024,2.06,8/1/2024
8/2/2024,1.89,8/1/2024
8/5/2024,1.91,8/1/2024
8/6/2024,1.96,8/1/2024
8/7/2024,1.97,8/1/2024
8/8/2024,1.98,8/1/2024
8/9/2024,1.96,8/1/2024
8/12/2024,1.98,8/1/2024
8/13/2024,1.96,8/1/2024
8/14/2024,1.93,8/1/2024
8/15/2024,1.99,8/1/2024
8/16/2024,1.97,8/1/2024
8/19/2024,1.94,8/1/2024
8/20/2024,1.95,8/1/2024
8/21/2024,1.94,8/1/2024
8/22/2024,1.96,8/1/2024
8/23/2024,2.01,8/1/2024
8/26/2024,2.02,8/1/2024
8/27/2024,2.02,8/1/2024
8/28/2024,1.99,8/1/2024
8/29/2024,2.01,8/1/2024
8/30/2024,2.01,8/1/2024
9/2/2024,,9/1/2024
9/3/2024,1.95,9/1/2024
9/4/2024,1.9,9/1/2024
9/5/2024,1.87,9/1/2024
9/6/2024,1.86,9/1/2024
9/9/2024,1.88,9/1/2024
9/10/2024,1.86,9/1/2024
9/11/2024,1.9,9/1/2024
9/12/2024,1.93,9/1/2024
9/13/2024,1.95,9/1/2024
9/16/2024,1.94,9/1/2024
9/17/2024,1.97,9/1/2024
9/18/2024,1.98,9/1/2024
9/19/2024,2.04,9/1/2024
9/20/2024,2.02,9/1/2024
9/23/2024,2.04,9/1/2024
9/24/2024,2.06,9/1/2024
9/25/2024,2.06,9/1/2024
9/26/2024,2.03,9/1/2024
9/27/2024,2.03,9/1/2024
9/30/2024,2.07,9/1/2024
10/1/2024,2.07,10/1/2024
10/2/2024,2.1,10/1/2024
10/3/2024,2.11,10/1/2024
10/4/2024,2.14,10/1/2024
10/7/2024,2.17,10/1/2024
10/8/2024,2.17,10/1/2024
10/9/2024,2.21,10/1/2024
10/10/2024,2.26,10/1/2024
10/11/2024,2.25,10/1/2024
10/14/2024,,10/1/2024
10/15/2024,2.22,10/1/2024
10/16/2024,2.19,10/1/2024
10/17/2024,2.22,10/1/2024
10/18/2024,2.23,10/1/2024
10/21/2024,2.23,10/1/2024
10/22/2024,2.25,10/1/2024
10/23/2024,2.23,10/1/2024
10/24/2024,2.33,10/1/2024
10/25/2024,2.32,10/1/2024
10/28/2024,2.31,10/1/2024
10/29/2024,2.33,10/1/2024
10/30/2024,2.37,10/1/2024
10/31/2024,2.38,10/1/2024
11/1/2024,2.37,11/1/2024
11/4/2024,2.32,11/1/2024
11/5/2024,2.32,11/1/2024
11/6/2024,2.46,11/1/2024
11/7/2024,2.4,11/1/2024
11/8/2024,2.43,11/1/2024
11/11/2024,,11/1/2024
11/12/2024,2.43,11/1/2024
11/13/2024,2.42,11/1/2024
11/14/2024,2.4,11/1/2024
11/15/2024,2.39,11/1/2024
11/18/2024,2.41,11/1/2024
11/19/2024,2.41,11/1/2024
11/20/2024,2.43,11/1/2024
11/21/2024,2.42,11/1/2024
11/22/2024,2.43,11/1/2024
11/25/2024,2.35,11/1/2024
11/26/2024,2.33,11/1/2024
11/27/2024,2.32,11/1/2024
11/28/2024,,11/1/2024
11/29/2024,2.33,11/1/2024
12/2/2024,2.33,12/1/2024
12/3/2024,2.36,12/1/2024
12/4/2024,2.37,12/1/2024
12/5/2024,2.35,12/1/2024
12/6/2024,2.31,12/1/2024
12/9/2024,2.33,12/1/2024
12/10/2024,2.34,12/1/2024
12/11/2024,2.38,12/1/2024
12/12/2024,2.39,12/1/2024
12/13/2024,2.4,12/1/2024
12/16/2024,2.38,12/1/2024
12/17/2024,2.36,12/1/2024
12/18/2024,2.38,12/1/2024
12/19/2024,2.35,12/1/2024
12/20/2024,2.34,12/1/2024
12/23/2024,2.38,12/1/2024
12/24/2024,2.39,12/1/2024
12/25/2024,,12/1/2024
12/26/2024,2.39,12/1/2024
12/27/2024,2.38,12/1/2024
12/30/2024,2.35,12/1/2024
12/31/2024,2.38,12/1/2024
1/1/2025,,1/1/2025
1/2/2025,2.41,1/1/2025
1/3/2025,2.4,1/1/2025
1/6/2025,2.4,1/1/2025
1/7/2025,2.44,1/1/2025
1/8/2025,2.47,1/1/2025
1/9/2025,2.46,1/1/2025
1/10/2025,2.51,1/1/2025
1/13/2025,2.55,1/1/2025
1/14/2025,2.55,1/1/2025
1/15/2025,2.52,1/1/2025
1/16/2025,2.51,1/1/2025
1/17/2025,2.52,1/1/2025
1/20/2025,,1/1/2025
1/21/2025,2.47,1/1/2025
1/22/2025,2.48,1/1/2025
1/23/2025,2.52,1/1/2025
1/24/2025,2.52,1/1/2025
1/27/2025,2.49,1/1/2025
1/28/2025,2.52,1/1/2025
1/29/2025,2.52,1/1/2025
1/30/2025,2.5,1/1/2025
1/31/2025,2.54,1/1/2025
2/3/2025,2.61,2/1/2025
2/4/2025,2.59,2/1/2025
2/5/2025,2.57,2/1/2025
2/6/2025,2.57,2/1/2025
2/7/2025,2.59,2/1/2025
2/10/2025,2.6,2/1/2025
2/11/2025,2.64,2/1/2025
2/12/2025,2.66,2/1/2025
2/13/2025,2.64,2/1/2025
2/14/2025,2.62,2/1/2025
2/17/2025,,2/1/2025
2/18/2025,2.65,2/1/2025
2/19/2025,2.66,2/1/2025
2/20/2025,2.66,2/1/2025
2/21/2025,2.61,2/1/2025
2/24/2025,2.61,2/1/2025
2/25/2025,2.57,2/1/2025
2/26/2025,2.54,2/1/2025
2/27/2025,2.57,2/1/2025
2/28/2025,2.58,2/1/2025
3/3/2025,2.59,3/1/2025
3/4/2025,2.59,3/1/2025
3/5/2025,2.56,3/1/2025
3/6/2025,2.53,3/1/2025
3/7/2025,2.52,3/1/2025
3/10/2025,2.49,3/1/2025
3/11/2025,2.5,3/1/2025
3/12/2025,2.53,3/1/2025
3/13/2025,2.48,3/1/2025
3/14/2025,2.48,3/1/2025
3/17/2025,2.48,3/1/2025
3/18/2025,2.46,3/1/2025
3/19/2025,2.5,3/1/2025
3/20/2025,2.51,3/1/2025
3/21/2025,2.51,3/1/2025
3/24/2025,2.54,3/1/2025
3/25/2025,2.56,3/1/2025
3/26/2025,2.56,3/1/2025
3/27/2025,2.6,3/1/2025
3/28/2025,2.58,3/1/2025
3/31/2025,2.61,3/1/2025
4/1/2025,2.54,4/1/2025
4/2/2025,2.51,4/1/2025
4/3/2025,2.5,4/1/2025
4/4/2025,2.34,4/1/2025
4/7/2025,2.31,4/1/2025
4/8/2025,2.35,4/1/2025
4/9/2025,2.45,4/1/2025
4/10/2025,2.32,4/1/2025
4/11/2025,2.33,4/1/2025
4/14/2025,2.35,4/1/2025
4/15/2025,2.31,4/1/2025
4/16/2025,2.29,4/1/2025
4/17/2025,2.26,4/1/2025
4/18/2025,,4/1/2025
4/21/2025,2.25,4/1/2025
4/22/2025,2.3,4/1/2025
4/23/2025,2.33,4/1/2025
4/24/2025,2.35,4/1/2025
4/25/2025,2.32,4/1/2025
4/28/2025,2.32,4/1/2025
4/29/2025,2.29,4/1/2025
4/30/2025,2.29,4/1/2025
5/1/2025,2.3,5/1/2025
5/2/2025,2.31,5/1/2025
5/5/2025,2.33,5/1/2025
5/6/2025,2.34,5/1/2025
5/7/2025,2.33,5/1/2025
5/8/2025,2.39,5/1/2025
5/9/2025,2.39,5/1/2025
5/12/2025,2.35,5/1/2025
5/13/2025,2.38,5/1/2025
5/14/2025,2.44,5/1/2025
5/15/2025,2.41,5/1/2025
5/16/2025,2.42,5/1/2025
5/19/2025,2.43,5/1/2025
5/20/2025,2.42,5/1/2025
5/21/2025,2.43,5/1/2025
5/22/2025,2.42,5/1/2025
5/23/2025,2.4,5/1/2025
5/26/2025,,5/1/2025
5/27/2025,2.41,5/1/2025
5/28/2025,2.39,5/1/2025
5/29/2025,2.38,5/1/2025
5/30/2025,2.39,5/1/2025
6/2/2025,2.38,6/1/2025
6/3/2025,2.38,6/1/2025
6/4/2025,2.32,6/1/2025
6/5/2025,2.31,6/1/2025
6/6/2025,2.35,6/1/2025
6/9/2025,2.34,6/1/2025
6/10/2025,2.32,6/1/2025
6/11/2025,2.3,6/1/2025
6/12/2025,2.28,6/1/2025
6/13/2025,2.31,6/1/2025
6/16/2025,2.32,6/1/2025
6/17/2025,2.35,6/1/2025
6/18/2025,2.36,6/1/2025
6/19/2025,,6/1/2025
6/20/2025,2.37,6/1/2025
6/23/2025,2.33,6/1/2025
6/24/2025,2.3,6/1/2025
6/25/2025,2.28,6/1/2025
6/26/2025,2.29,6/1/2025
6/27/2025,2.31,6/1/2025
6/30/2025,2.31,6/1/2025
7/1/2025,2.32,7/1/2025
7/2/2025,2.34,7/1/2025
7/3/2025,2.37,7/1/2025
7/4/2025,,7/1/2025
7/7/2025,2.4,7/1/2025
7/8/2025,2.39,7/1/2025
7/9/2025,2.38,7/1/2025
7/10/2025,2.39,7/1/2025
7/11/2025,2.44,7/1/2025
7/14/2025,2.45,7/1/2025
7/15/2025,2.48,7/1/2025
7/16/2025,2.49,7/1/2025
7/17/2025,2.53,7/1/2025
7/18/2025,2.5,7/1/2025
7/21/2025,2.49,7/1/2025
7/22/2025,2.47,7/1/2025
7/23/2025,2.44,7/1/2025
7/24/2025,2.5,7/1/2025
7/25/2025,2.47,7/1/2025
7/28/2025,2.47,7/1/2025
7/29/2025,2.48,7/1/2025
7/30/2025,2.48,7/1/2025
7/31/2025,2.46,7/1/2025
8/1/2025,2.38,8/1/2025
8/4/2025,2.41,8/1/2025
8/5/2025,2.41,8/1/2025
8/6/2025,2.4,8/1/2025
8/7/2025,2.41,8/1/2025
8/8/2025,2.46,8/1/2025
8/11/2025,2.46,8/1/2025
8/12/2025,2.43,8/1/2025
8/13/2025,2.42,8/1/2025
8/14/2025,2.43,8/1/2025
8/15/2025,2.42,8/1/2025
8/18/2025,2.42,8/1/2025
8/19/2025,2.39,8/1/2025
8/20/2025,2.4,8/1/2025
8/21/2025,2.44,8/1/2025
8/22/2025,2.48,8/1/2025
8/25/2025,2.49,8/1/2025
8/26/2025,2.5,8/1/2025
8/27/2025,2.5,8/1/2025
8/28/2025,2.49,8/1/2025
8/29/2025,2.47,8/1/2025
9/1/2025,,9/1/2025
9/2/2025,2.48,9/1/2025
9/3/2025,2.46,9/1/2025
9/4/2025,2.44,9/1/2025
9/5/2025,2.42,9/1/2025
9/8/2025,2.41,9/1/2025
9/9/2025,2.43,9/1/2025
9/10/2025,2.41,9/1/2025
9/11/2025,2.41,9/1/2025
9/12/2025,2.42,9/1/2025
9/15/2025,2.41,9/1/2025
9/16/2025,2.42,9/1/2025
9/17/2025,2.43,9/1/2025
9/18/2025,2.44,9/1/2025
9/19/2025,2.43,9/1/2025
9/22/2025,2.42,9/1/2025
9/23/2025,2.42,9/1/2025
9/24/2025,2.42,9/1/2025
9/25/2025,2.42,9/1/2025
9/26/2025,2.42,9/1/2025
9/29/2025,2.41,9/1/2025
9/30/2025,2.42,9/1/2025
10/1/2025,2.39,10/1/2025
10/2/2025,2.37,10/1/2025
10/3/2025,2.38,10/1/2025
10/6/2025,2.38,10/1/2025
10/7/2025,2.39,10/1/2025
10/8/2025,2.39,10/1/2025
10/9/2025,2.39,10/1/2025
10/10/2025,2.35,10/1/2025
10/13/2025,,10/1/2025
10/14/2025,2.33,10/1/2025
10/15/2025,2.33,10/1/2025
10/16/2025,2.29,10/1/2025
10/17/2025,2.29,10/1/2025
10/20/2025,2.28,10/1/2025
10/21/2025,2.3,10/1/2025
10/22/2025,2.32,10/1/2025
10/23/2025,2.42,10/1/2025
10/24/2025,2.4,10/1/2025
10/27/2025,2.37,10/1/2025
10/28/2025,2.36,10/1/2025
10/29/2025,2.37,10/1/2025
10/30/2025,2.38,10/1/2025
10/31/2025,2.4,10/1/2025
11/3/2025,2.41,11/1/2025
11/4/2025,2.38,11/1/2025
11/5/2025,2.39,11/1/2025
11/6/2025,2.37,11/1/2025
11/7/2025,2.36,11/1/2025
11/10/2025,2.38,11/1/2025
11/11/2025,,11/1/2025
11/12/2025,2.37,11/1/2025
11/13/2025,2.37,11/1/2025
11/14/2025,2.38,11/1/2025
11/17/2025,2.37,11/1/2025
11/18/2025,2.36,11/1/2025
11/19/2025,2.36,11/1/2025
11/20/2025,2.34,11/1/2025
11/21/2025,2.32,11/1/2025
11/24/2025,2.3,11/1/2025
11/25/2025,2.27,11/1/2025
11/26/2025,2.29,11/1/2025
11/27/2025,,11/1/2025
11/28/2025,2.29,11/1/2025
12/1/2025,2.31,12/1/2025
12/2/2025,2.3,12/1/2025
12/3/2025,2.29,12/1/2025
12/4/2025,2.33,12/1/2025
12/5/2025,2.34,12/1/2025
12/8/2025,2.32,12/1/2025
12/9/2025,2.32,12/1/2025
12/10/2025,2.32,12/1/2025
12/11/2025,2.32,12/1/2025
12/12/2025,2.32,12/1/2025
12/15/2025,2.29,12/1/2025
12/16/2025,2.25,12/1/2025
12/17/2025,2.26,12/1/2025
12/18/2025,2.26,12/1/2025
12/19/2025,2.27,12/1/2025
12/22/2025,2.25,12/1/2025
12/23/2025,2.24,12/1/2025
12/24/2025,2.24,12/1/2025
12/25/2025,,12/1/2025
12/26/2025,2.22,12/1/2025
12/29/2025,2.23,12/1/2025
12/30/2025,2.25,12/1/2025
12/31/2025,2.26,12/1/2025
1/1/2026,,1/1/2026
1/2/2026,2.28,1/1/2026
1/5/2026,2.29,1/1/2026
1/6/2026,2.3,1/1/2026
1/7/2026,2.3,1/1/2026
1/8/2026,2.31,1/1/2026
1/9/2026,2.32,1/1/2026
1/12/2026,2.36,1/1/2026
1/13/2026,2.37,1/1/2026
1/14/2026,2.36,1/1/2026
1/15/2026,2.36,1/1/2026
1/16/2026,2.39,1/1/2026
1/19/2026,,1/1/2026
1/20/2026,2.4,1/1/2026
1/21/2026,2.42,1/1/2026
1/22/2026,2.42,1/1/2026
1/23/2026,2.46,1/1/2026
1/26/2026,2.45,1/1/2026
1/27/2026,2.47,1/1/2026
1/28/2026,2.5,1/1/2026
1/29/2026,2.52,1/1/2026
1/30/2026,2.53,1/1/2026
2/2/2026,2.52,2/1/2026
2/3/2026,2.53,2/1/2026
2/4/2026,2.51,2/1/2026
2/5/2026,2.48,2/1/2026
2/6/2026,2.5,2/1/2026
2/9/2026,2.5,2/1/2026
2/10/2026,2.47,2/1/2026
2/11/2026,2.49,2/1/2026
2/12/2026,2.45,2/1/2026
2/13/2026,2.42,2/1/2026
2/16/2026,,2/1/2026
2/17/2026,2.39,2/1/2026
2/18/2026,2.43,2/1/2026
2/19/2026,2.43,2/1/2026
2/20/2026,2.43,2/1/2026
2/23/2026,2.4,2/1/2026
2/24/2026,2.4,2/1/2026
2/25/2026,2.42,2/1/2026
2/26/2026,2.43,2/1/2026
2/27/2026,2.4,2/1/2026
3/2/2026,2.46,3/1/2026
3/3/2026,2.46,3/1/2026
3/4/2026,2.46,3/1/2026
3/5/2026,2.51,3/1/2026
3/6/2026,2.56,3/1/2026
3/9/2026,2.56,3/1/2026
3/10/2026,2.53,3/1/2026
3/11/2026,2.58,3/1/2026
3/12/2026,2.63,3/1/2026
3/13/2026,2.61,3/1/2026
3/16/2026,2.58,3/1/2026
3/17/2026,2.62,3/1/2026
3/18/2026,2.66,3/1/2026
3/19/2026,2.61,3/1/2026
3/20/2026,2.63,3/1/2026
3/23/2026,2.53,3/1/2026
3/24/2026,2.55,3/1/2026
3/25/2026,2.51,3/1/2026
3/26/2026,2.56,3/1/2026
